feature,importance,fold
CODE_GENDER,122,1
FLAG_OWN_CAR,13,1
FLAG_OWN_REALTY,9,1
CNT_CHILDREN,2,1
AMT_INCOME_TOTAL,80,1
AMT_CREDIT,117,1
AMT_ANNUITY,287,1
AMT_GOODS_PRICE,174,1
REGION_POPULATION_RELATIVE,171,1
DAYS_BIRTH,397,1
DAYS_EMPLOYED,246,1
DAYS_REGISTRATION,207,1
DAYS_ID_PUBLISH,228,1
OWN_CAR_AGE,168,1
FLAG_MOBIL,0,1
FLAG_EMP_PHONE,0,1
FLAG_WORK_PHONE,68,1
FLAG_CONT_MOBILE,0,1
FLAG_PHONE,23,1
FLAG_EMAIL,0,1
CNT_FAM_MEMBERS,15,1
REGION_RATING_CLIENT,3,1
REGION_RATING_CLIENT_W_CITY,80,1
HOUR_APPR_PROCESS_START,52,1
REG_REGION_NOT_LIVE_REGION,0,1
REG_REGION_NOT_WORK_REGION,1,1
LIVE_REGION_NOT_WORK_REGION,14,1
REG_CITY_NOT_LIVE_CITY,33,1
REG_CITY_NOT_WORK_CITY,11,1
LIVE_CITY_NOT_WORK_CITY,7,1
EXT_SOURCE_1,585,1
EXT_SOURCE_2,486,1
EXT_SOURCE_3,548,1
APARTMENTS_AVG,37,1
BASEMENTAREA_AVG,45,1
YEARS_BEGINEXPLUATATION_AVG,62,1
YEARS_BUILD_AVG,22,1
COMMONAREA_AVG,51,1
ELEVATORS_AVG,19,1
ENTRANCES_AVG,20,1
FLOORSMAX_AVG,2,1
FLOORSMIN_AVG,16,1
LANDAREA_AVG,52,1
LIVINGAPARTMENTS_AVG,15,1
LIVINGAREA_AVG,35,1
NONLIVINGAPARTMENTS_AVG,21,1
NONLIVINGAREA_AVG,18,1
APARTMENTS_MODE,37,1
BASEMENTAREA_MODE,38,1
YEARS_BEGINEXPLUATATION_MODE,32,1
YEARS_BUILD_MODE,27,1
COMMONAREA_MODE,15,1
ELEVATORS_MODE,0,1
ENTRANCES_MODE,17,1
FLOORSMAX_MODE,3,1
FLOORSMIN_MODE,3,1
LANDAREA_MODE,26,1
LIVINGAPARTMENTS_MODE,24,1
LIVINGAREA_MODE,25,1
NONLIVINGAPARTMENTS_MODE,4,1
NONLIVINGAREA_MODE,17,1
APARTMENTS_MEDI,27,1
BASEMENTAREA_MEDI,29,1
YEARS_BEGINEXPLUATATION_MEDI,34,1
YEARS_BUILD_MEDI,12,1
COMMONAREA_MEDI,23,1
ELEVATORS_MEDI,4,1
ENTRANCES_MEDI,21,1
FLOORSMAX_MEDI,6,1
FLOORSMIN_MEDI,4,1
LANDAREA_MEDI,16,1
LIVINGAPARTMENTS_MEDI,22,1
LIVINGAREA_MEDI,21,1
NONLIVINGAPARTMENTS_MEDI,8,1
NONLIVINGAREA_MEDI,18,1
TOTALAREA_MODE,61,1
OBS_30_CNT_SOCIAL_CIRCLE,12,1
DEF_30_CNT_SOCIAL_CIRCLE,69,1
OBS_60_CNT_SOCIAL_CIRCLE,22,1
DEF_60_CNT_SOCIAL_CIRCLE,28,1
DAYS_LAST_PHONE_CHANGE,130,1
FLAG_DOCUMENT_2,0,1
FLAG_DOCUMENT_3,36,1
FLAG_DOCUMENT_4,0,1
FLAG_DOCUMENT_5,0,1
FLAG_DOCUMENT_6,3,1
FLAG_DOCUMENT_7,0,1
FLAG_DOCUMENT_8,5,1
FLAG_DOCUMENT_9,0,1
FLAG_DOCUMENT_10,0,1
FLAG_DOCUMENT_11,4,1
FLAG_DOCUMENT_12,0,1
FLAG_DOCUMENT_13,17,1
FLAG_DOCUMENT_14,0,1
FLAG_DOCUMENT_15,0,1
FLAG_DOCUMENT_16,29,1
FLAG_DOCUMENT_17,0,1
FLAG_DOCUMENT_18,38,1
FLAG_DOCUMENT_19,0,1
FLAG_DOCUMENT_20,0,1
FLAG_DOCUMENT_21,0,1
AMT_REQ_CREDIT_BUREAU_HOUR,0,1
AMT_REQ_CREDIT_BUREAU_DAY,8,1
AMT_REQ_CREDIT_BUREAU_WEEK,25,1
AMT_REQ_CREDIT_BUREAU_MON,5,1
AMT_REQ_CREDIT_BUREAU_QRT,39,1
AMT_REQ_CREDIT_BUREAU_YEAR,30,1
NAME_CONTRACT_TYPE_Cash_loans,35,1
NAME_CONTRACT_TYPE_Revolving_loans,4,1
NAME_TYPE_SUITE_Children,7,1
NAME_TYPE_SUITE_Family,0,1
NAME_TYPE_SUITE_Group_of_people,0,1
NAME_TYPE_SUITE_Other_A,0,1
NAME_TYPE_SUITE_Other_B,2,1
NAME_TYPE_SUITE_Spouse_partner,0,1
NAME_TYPE_SUITE_Unaccompanied,2,1
NAME_INCOME_TYPE_Businessman,0,1
NAME_INCOME_TYPE_Commercial_associate,7,1
NAME_INCOME_TYPE_Maternity_leave,0,1
NAME_INCOME_TYPE_Pensioner,0,1
NAME_INCOME_TYPE_State_servant,27,1
NAME_INCOME_TYPE_Student,0,1
NAME_INCOME_TYPE_Unemployed,0,1
NAME_INCOME_TYPE_Working,14,1
NAME_EDUCATION_TYPE_Academic_degree,0,1
NAME_EDUCATION_TYPE_Higher_education,33,1
NAME_EDUCATION_TYPE_Incomplete_higher,10,1
NAME_EDUCATION_TYPE_Lower_secondary,0,1
NAME_EDUCATION_TYPE_Secondary_secondary_special,22,1
NAME_FAMILY_STATUS_Civil_marriage,1,1
NAME_FAMILY_STATUS_Married,90,1
NAME_FAMILY_STATUS_Separated,0,1
NAME_FAMILY_STATUS_Single_not_married,3,1
NAME_FAMILY_STATUS_Unknown,0,1
NAME_FAMILY_STATUS_Widow,16,1
NAME_HOUSING_TYPE_Co_op_apartment,0,1
NAME_HOUSING_TYPE_House_apartment,5,1
NAME_HOUSING_TYPE_Municipal_apartment,11,1
NAME_HOUSING_TYPE_Office_apartment,22,1
NAME_HOUSING_TYPE_Rented_apartment,3,1
NAME_HOUSING_TYPE_With_parents,0,1
OCCUPATION_TYPE_Accountants,15,1
OCCUPATION_TYPE_Cleaning_staff,0,1
OCCUPATION_TYPE_Cooking_staff,0,1
OCCUPATION_TYPE_Core_staff,24,1
OCCUPATION_TYPE_Drivers,24,1
OCCUPATION_TYPE_HR_staff,0,1
OCCUPATION_TYPE_High_skill_tech_staff,25,1
OCCUPATION_TYPE_IT_staff,0,1
OCCUPATION_TYPE_Laborers,20,1
OCCUPATION_TYPE_Low_skill_Laborers,9,1
OCCUPATION_TYPE_Managers,7,1
OCCUPATION_TYPE_Medicine_staff,17,1
OCCUPATION_TYPE_Private_service_staff,8,1
OCCUPATION_TYPE_Realty_agents,0,1
OCCUPATION_TYPE_Sales_staff,8,1
OCCUPATION_TYPE_Secretaries,0,1
OCCUPATION_TYPE_Security_staff,0,1
OCCUPATION_TYPE_Waiters_barmen_staff,1,1
WEEKDAY_APPR_PROCESS_START_FRIDAY,5,1
WEEKDAY_APPR_PROCESS_START_MONDAY,18,1
WEEKDAY_APPR_PROCESS_START_SATURDAY,17,1
WEEKDAY_APPR_PROCESS_START_SUNDAY,2,1
WEEKDAY_APPR_PROCESS_START_THURSDAY,13,1
WEEKDAY_APPR_PROCESS_START_TUESDAY,15,1
WEEKDAY_APPR_PROCESS_START_WEDNESDAY,7,1
ORGANIZATION_TYPE_Advertising,0,1
ORGANIZATION_TYPE_Agriculture,0,1
ORGANIZATION_TYPE_Bank,15,1
ORGANIZATION_TYPE_Business_Entity_Type_1,0,1
ORGANIZATION_TYPE_Business_Entity_Type_2,0,1
ORGANIZATION_TYPE_Business_Entity_Type_3,34,1
ORGANIZATION_TYPE_Cleaning,0,1
ORGANIZATION_TYPE_Construction,39,1
ORGANIZATION_TYPE_Culture,0,1
ORGANIZATION_TYPE_Electricity,0,1
ORGANIZATION_TYPE_Emergency,0,1
ORGANIZATION_TYPE_Government,18,1
ORGANIZATION_TYPE_Hotel,0,1
ORGANIZATION_TYPE_Housing,0,1
ORGANIZATION_TYPE_Industry_type_1,0,1
ORGANIZATION_TYPE_Industry_type_10,0,1
ORGANIZATION_TYPE_Industry_type_11,0,1
ORGANIZATION_TYPE_Industry_type_12,6,1
ORGANIZATION_TYPE_Industry_type_13,0,1
ORGANIZATION_TYPE_Industry_type_2,0,1
ORGANIZATION_TYPE_Industry_type_3,0,1
ORGANIZATION_TYPE_Industry_type_4,0,1
ORGANIZATION_TYPE_Industry_type_5,4,1
ORGANIZATION_TYPE_Industry_type_6,0,1
ORGANIZATION_TYPE_Industry_type_7,0,1
ORGANIZATION_TYPE_Industry_type_8,0,1
ORGANIZATION_TYPE_Industry_type_9,33,1
ORGANIZATION_TYPE_Insurance,0,1
ORGANIZATION_TYPE_Kindergarten,7,1
ORGANIZATION_TYPE_Legal_Services,21,1
ORGANIZATION_TYPE_Medicine,2,1
ORGANIZATION_TYPE_Military,40,1
ORGANIZATION_TYPE_Mobile,0,1
ORGANIZATION_TYPE_Other,7,1
ORGANIZATION_TYPE_Police,17,1
ORGANIZATION_TYPE_Postal,0,1
ORGANIZATION_TYPE_Realtor,25,1
ORGANIZATION_TYPE_Religion,0,1
ORGANIZATION_TYPE_Restaurant,0,1
ORGANIZATION_TYPE_School,31,1
ORGANIZATION_TYPE_Security,0,1
ORGANIZATION_TYPE_Security_Ministries,15,1
ORGANIZATION_TYPE_Self_employed,51,1
ORGANIZATION_TYPE_Services,0,1
ORGANIZATION_TYPE_Telecom,0,1
ORGANIZATION_TYPE_Trade_type_1,0,1
ORGANIZATION_TYPE_Trade_type_2,0,1
ORGANIZATION_TYPE_Trade_type_3,0,1
ORGANIZATION_TYPE_Trade_type_4,0,1
ORGANIZATION_TYPE_Trade_type_5,0,1
ORGANIZATION_TYPE_Trade_type_6,5,1
ORGANIZATION_TYPE_Trade_type_7,4,1
ORGANIZATION_TYPE_Transport_type_1,7,1
ORGANIZATION_TYPE_Transport_type_2,0,1
ORGANIZATION_TYPE_Transport_type_3,36,1
ORGANIZATION_TYPE_Transport_type_4,0,1
ORGANIZATION_TYPE_University,0,1
ORGANIZATION_TYPE_XNA,0,1
FONDKAPREMONT_MODE_not_specified,0,1
FONDKAPREMONT_MODE_org_spec_account,0,1
FONDKAPREMONT_MODE_reg_oper_account,2,1
FONDKAPREMONT_MODE_reg_oper_spec_account,23,1
HOUSETYPE_MODE_block_of_flats,0,1
HOUSETYPE_MODE_specific_housing,4,1
HOUSETYPE_MODE_terraced_house,0,1
WALLSMATERIAL_MODE_Block,0,1
WALLSMATERIAL_MODE_Mixed,0,1
WALLSMATERIAL_MODE_Monolithic,0,1
WALLSMATERIAL_MODE_Others,1,1
WALLSMATERIAL_MODE_Panel,5,1
WALLSMATERIAL_MODE_Stone_brick,26,1
WALLSMATERIAL_MODE_Wooden,0,1
EMERGENCYSTATE_MODE_No,0,1
EMERGENCYSTATE_MODE_Yes,1,1
DAYS_EMPLOYED_PERC,179,1
INCOME_CREDIT_PERC,132,1
INCOME_PER_PERSON,93,1
ANNUITY_INCOME_PERC,205,1
PAYMENT_RATE,575,1
BURO_DAYS_CREDIT_MIN,67,1
BURO_DAYS_CREDIT_MAX,120,1
BURO_DAYS_CREDIT_MEAN,90,1
BURO_DAYS_CREDIT_VAR,57,1
BURO_DAYS_CREDIT_ENDDATE_MIN,49,1
BURO_DAYS_CREDIT_ENDDATE_MAX,139,1
BURO_DAYS_CREDIT_ENDDATE_MEAN,94,1
BURO_DAYS_CREDIT_UPDATE_MEAN,84,1
BURO_CREDIT_DAY_OVERDUE_MAX,3,1
BURO_CREDIT_DAY_OVERDUE_MEAN,2,1
BURO_AMT_CREDIT_MAX_OVERDUE_MEAN,188,1
BURO_AMT_CREDIT_SUM_MAX,84,1
BURO_AMT_CREDIT_SUM_MEAN,116,1
BURO_AMT_CREDIT_SUM_SUM,100,1
BURO_AMT_CREDIT_SUM_DEBT_MAX,68,1
BURO_AMT_CREDIT_SUM_DEBT_MEAN,87,1
BURO_AMT_CREDIT_SUM_DEBT_SUM,52,1
BURO_AMT_CREDIT_SUM_OVERDUE_MEAN,43,1
BURO_AMT_CREDIT_SUM_LIMIT_MEAN,62,1
BURO_AMT_CREDIT_SUM_LIMIT_SUM,41,1
BURO_AMT_ANNUITY_MAX,20,1
BURO_AMT_ANNUITY_MEAN,27,1
BURO_CNT_CREDIT_PROLONG_SUM,4,1
BURO_MONTHS_BALANCE_MIN_MIN,31,1
BURO_MONTHS_BALANCE_MAX_MAX,2,1
BURO_MONTHS_BALANCE_SIZE_MEAN,30,1
BURO_MONTHS_BALANCE_SIZE_SUM,38,1
BURO_STATUS_SCORE_MAX_MAX,9,1
BURO_STATUS_SCORE_MAX_MEAN,10,1
BURO_STATUS_SCORE_MEAN_MEAN,24,1
BURO_STATUS_SCORE_RECENT6_MEAN_MEAN,3,1
BURO_STATUS_SCORE_TREND_MEAN,21,1
BURO_STATUS_SCORE_TREND_MAX,8,1
BURO_DAYS_ENDDATE_FACT_MEAN,49,1
BURO_CREDIT_ACTIVE_Active_MEAN,79,1
BURO_CREDIT_ACTIVE_Bad_debt_MEAN,0,1
BURO_CREDIT_ACTIVE_Closed_MEAN,49,1
BURO_CREDIT_ACTIVE_Sold_MEAN,23,1
BURO_CREDIT_ACTIVE_nan_MEAN,0,1
BURO_CREDIT_CURRENCY_currency_1_MEAN,7,1
BURO_CREDIT_CURRENCY_currency_2_MEAN,0,1
BURO_CREDIT_CURRENCY_currency_3_MEAN,0,1
BURO_CREDIT_CURRENCY_currency_4_MEAN,0,1
BURO_CREDIT_CURRENCY_nan_MEAN,0,1
BURO_CREDIT_TYPE_Another_type_of_loan_MEAN,9,1
BURO_CREDIT_TYPE_Car_loan_MEAN,48,1
BURO_CREDIT_TYPE_Cash_loan_non_earmarked__MEAN,0,1
BURO_CREDIT_TYPE_Consumer_credit_MEAN,58,1
BURO_CREDIT_TYPE_Credit_card_MEAN,59,1
BURO_CREDIT_TYPE_Interbank_credit_MEAN,0,1
BURO_CREDIT_TYPE_Loan_for_business_development_MEAN,0,1
BURO_CREDIT_TYPE_Loan_for_purchase_of_shares_margin_lending__MEAN,0,1
BURO_CREDIT_TYPE_Loan_for_the_purchase_of_equipment_MEAN,0,1
BURO_CREDIT_TYPE_Loan_for_working_capital_replenishment_MEAN,0,1
BURO_CREDIT_TYPE_Microloan_MEAN,72,1
BURO_CREDIT_TYPE_Mobile_operator_loan_MEAN,0,1
BURO_CREDIT_TYPE_Mortgage_MEAN,65,1
BURO_CREDIT_TYPE_Real_estate_loan_MEAN,0,1
BURO_CREDIT_TYPE_Unknown_type_of_loan_MEAN,0,1
BURO_CREDIT_TYPE_nan_MEAN,0,1
BURO_STATUS_0_MEAN_MEAN,60,1
BURO_STATUS_1_MEAN_MEAN,41,1
BURO_STATUS_2_MEAN_MEAN,6,1
BURO_STATUS_3_MEAN_MEAN,1,1
BURO_STATUS_4_MEAN_MEAN,2,1
BURO_STATUS_5_MEAN_MEAN,3,1
BURO_STATUS_C_MEAN_MEAN,44,1
BURO_STATUS_X_MEAN_MEAN,35,1
BURO_STATUS_nan_MEAN_MEAN,0,1
ACTIVE_DAYS_CREDIT_MIN,71,1
ACTIVE_DAYS_CREDIT_MAX,235,1
ACTIVE_DAYS_CREDIT_MEAN,155,1
ACTIVE_DAYS_CREDIT_VAR,103,1
ACTIVE_DAYS_CREDIT_ENDDATE_MIN,238,1
ACTIVE_DAYS_CREDIT_ENDDATE_MAX,166,1
ACTIVE_DAYS_CREDIT_ENDDATE_MEAN,130,1
ACTIVE_DAYS_CREDIT_UPDATE_MEAN,121,1
ACTIVE_CREDIT_DAY_OVERDUE_MAX,0,1
ACTIVE_CREDIT_DAY_OVERDUE_MEAN,2,1
ACTIVE_AMT_CREDIT_MAX_OVERDUE_MEAN,77,1
ACTIVE_AMT_CREDIT_SUM_MAX,90,1
ACTIVE_AMT_CREDIT_SUM_MEAN,76,1
ACTIVE_AMT_CREDIT_SUM_SUM,163,1
ACTIVE_AMT_CREDIT_SUM_DEBT_MAX,60,1
ACTIVE_AMT_CREDIT_SUM_DEBT_MEAN,106,1
ACTIVE_AMT_CREDIT_SUM_DEBT_SUM,116,1
ACTIVE_AMT_CREDIT_SUM_OVERDUE_MEAN,41,1
ACTIVE_AMT_CREDIT_SUM_LIMIT_MEAN,114,1
ACTIVE_AMT_CREDIT_SUM_LIMIT_SUM,51,1
ACTIVE_AMT_ANNUITY_MAX,24,1
ACTIVE_AMT_ANNUITY_MEAN,31,1
ACTIVE_CNT_CREDIT_PROLONG_SUM,0,1
ACTIVE_MONTHS_BALANCE_MIN_MIN,19,1
ACTIVE_MONTHS_BALANCE_MAX_MAX,13,1
ACTIVE_MONTHS_BALANCE_SIZE_MEAN,62,1
ACTIVE_MONTHS_BALANCE_SIZE_SUM,28,1
ACTIVE_STATUS_SCORE_MAX_MAX,5,1
ACTIVE_STATUS_SCORE_MAX_MEAN,11,1
ACTIVE_STATUS_SCORE_MEAN_MEAN,17,1
ACTIVE_STATUS_SCORE_RECENT6_MEAN_MEAN,17,1
ACTIVE_STATUS_SCORE_TREND_MEAN,5,1
ACTIVE_STATUS_SCORE_TREND_MAX,6,1
CLOSED_DAYS_CREDIT_MIN,31,1
CLOSED_DAYS_CREDIT_MAX,149,1
CLOSED_DAYS_CREDIT_MEAN,50,1
CLOSED_DAYS_CREDIT_VAR,87,1
CLOSED_DAYS_CREDIT_ENDDATE_MIN,44,1
CLOSED_DAYS_CREDIT_ENDDATE_MAX,125,1
CLOSED_DAYS_CREDIT_ENDDATE_MEAN,83,1
CLOSED_DAYS_CREDIT_UPDATE_MEAN,74,1
CLOSED_CREDIT_DAY_OVERDUE_MAX,0,1
CLOSED_CREDIT_DAY_OVERDUE_MEAN,0,1
CLOSED_AMT_CREDIT_MAX_OVERDUE_MEAN,66,1
CLOSED_AMT_CREDIT_SUM_MAX,86,1
CLOSED_AMT_CREDIT_SUM_MEAN,125,1
CLOSED_AMT_CREDIT_SUM_SUM,90,1
CLOSED_AMT_CREDIT_SUM_DEBT_MAX,46,1
CLOSED_AMT_CREDIT_SUM_DEBT_MEAN,7,1
CLOSED_AMT_CREDIT_SUM_DEBT_SUM,2,1
CLOSED_AMT_CREDIT_SUM_OVERDUE_MEAN,0,1
CLOSED_AMT_CREDIT_SUM_LIMIT_MEAN,10,1
CLOSED_AMT_CREDIT_SUM_LIMIT_SUM,5,1
CLOSED_AMT_ANNUITY_MAX,42,1
CLOSED_AMT_ANNUITY_MEAN,21,1
CLOSED_CNT_CREDIT_PROLONG_SUM,0,1
CLOSED_MONTHS_BALANCE_MIN_MIN,20,1
CLOSED_MONTHS_BALANCE_MAX_MAX,3,1
CLOSED_MONTHS_BALANCE_SIZE_MEAN,51,1
CLOSED_MONTHS_BALANCE_SIZE_SUM,25,1
CLOSED_STATUS_SCORE_MAX_MAX,2,1
CLOSED_STATUS_SCORE_MAX_MEAN,28,1
CLOSED_STATUS_SCORE_MEAN_MEAN,29,1
CLOSED_STATUS_SCORE_RECENT6_MEAN_MEAN,5,1
CLOSED_STATUS_SCORE_TREND_MEAN,25,1
CLOSED_STATUS_SCORE_TREND_MAX,14,1
PREV_AMT_ANNUITY_MIN,75,1
PREV_AMT_ANNUITY_MAX,77,1
PREV_AMT_ANNUITY_MEAN,99,1
PREV_AMT_APPLICATION_MIN,35,1
PREV_AMT_APPLICATION_MAX,22,1
PREV_AMT_APPLICATION_MEAN,52,1
PREV_AMT_CREDIT_MIN,39,1
PREV_AMT_CREDIT_MAX,62,1
PREV_AMT_CREDIT_MEAN,81,1
PREV_APP_CREDIT_PERC_MIN,94,1
PREV_APP_CREDIT_PERC_MAX,65,1
PREV_APP_CREDIT_PERC_MEAN,103,1
PREV_APP_CREDIT_PERC_VAR,91,1
PREV_AMT_DOWN_PAYMENT_MIN,20,1
PREV_AMT_DOWN_PAYMENT_MAX,64,1
PREV_AMT_DOWN_PAYMENT_MEAN,40,1
PREV_AMT_GOODS_PRICE_MIN,47,1
PREV_AMT_GOODS_PRICE_MAX,26,1
PREV_AMT_GOODS_PRICE_MEAN,44,1
PREV_HOUR_APPR_PROCESS_START_MIN,17,1
PREV_HOUR_APPR_PROCESS_START_MAX,29,1
PREV_HOUR_APPR_PROCESS_START_MEAN,88,1
PREV_RATE_DOWN_PAYMENT_MIN,45,1
PREV_RATE_DOWN_PAYMENT_MAX,32,1
PREV_RATE_DOWN_PAYMENT_MEAN,59,1
PREV_DAYS_DECISION_MIN,45,1
PREV_DAYS_DECISION_MAX,103,1
PREV_DAYS_DECISION_MEAN,86,1
PREV_CNT_PAYMENT_MEAN,193,1
PREV_CNT_PAYMENT_SUM,59,1
PREV_SK_ID_PREV_MEAN,116,1
PREV_NFLAG_LAST_APPL_IN_DAY_MEAN,4,1
PREV_RATE_INTEREST_PRIMARY_MEAN,0,1
PREV_RATE_INTEREST_PRIVILEGED_MEAN,1,1
PREV_SELLERPLACE_AREA_MEAN,144,1
PREV_DAYS_FIRST_DRAWING_MEAN,78,1
PREV_DAYS_FIRST_DUE_MEAN,55,1
PREV_DAYS_LAST_DUE_1ST_VERSION_MEAN,177,1
PREV_DAYS_LAST_DUE_MEAN,113,1
PREV_DAYS_TERMINATION_MEAN,137,1
PREV_NFLAG_INSURED_ON_APPROVAL_MEAN,32,1
PREV_NAME_CONTRACT_TYPE_Cash_loans_MEAN,37,1
PREV_NAME_CONTRACT_TYPE_Consumer_loans_MEAN,14,1
PREV_NAME_CONTRACT_TYPE_Revolving_loans_MEAN,15,1
PREV_NAME_CONTRACT_TYPE_XNA_MEAN,0,1
PREV_NAME_CONTRACT_TYPE_nan_MEAN,0,1
PREV_WEEKDAY_APPR_PROCESS_START_FRIDAY_MEAN,68,1
PREV_WEEKDAY_APPR_PROCESS_START_MONDAY_MEAN,83,1
PREV_WEEKDAY_APPR_PROCESS_START_SATURDAY_MEAN,38,1
PREV_WEEKDAY_APPR_PROCESS_START_SUNDAY_MEAN,20,1
PREV_WEEKDAY_APPR_PROCESS_START_THURSDAY_MEAN,47,1
PREV_WEEKDAY_APPR_PROCESS_START_TUESDAY_MEAN,27,1
PREV_WEEKDAY_APPR_PROCESS_START_WEDNESDAY_MEAN,35,1
PREV_WEEKDAY_APPR_PROCESS_START_nan_MEAN,0,1
PREV_FLAG_LAST_APPL_PER_CONTRACT_N_MEAN,0,1
PREV_FLAG_LAST_APPL_PER_CONTRACT_Y_MEAN,0,1
PREV_FLAG_LAST_APPL_PER_CONTRACT_nan_MEAN,0,1
PREV_NAME_CASH_LOAN_PURPOSE_Building_a_house_or_an_annex_MEAN,0,1
PREV_NAME_CASH_LOAN_PURPOSE_Business_development_MEAN,0,1
PREV_NAME_CASH_LOAN_PURPOSE_Buying_a_garage_MEAN,0,1
PREV_NAME_CASH_LOAN_PURPOSE_Buying_a_holiday_home_land_MEAN,1,1
PREV_NAME_CASH_LOAN_PURPOSE_Buying_a_home_MEAN,0,1
PREV_NAME_CASH_LOAN_PURPOSE_Buying_a_new_car_MEAN,0,1
PREV_NAME_CASH_LOAN_PURPOSE_Buying_a_used_car_MEAN,0,1
PREV_NAME_CASH_LOAN_PURPOSE_Car_repairs_MEAN,12,1
PREV_NAME_CASH_LOAN_PURPOSE_Education_MEAN,0,1
PREV_NAME_CASH_LOAN_PURPOSE_Everyday_expenses_MEAN,0,1
PREV_NAME_CASH_LOAN_PURPOSE_Furniture_MEAN,8,1
PREV_NAME_CASH_LOAN_PURPOSE_Gasification_water_supply_MEAN,10,1
PREV_NAME_CASH_LOAN_PURPOSE_Hobby_MEAN,0,1
PREV_NAME_CASH_LOAN_PURPOSE_Journey_MEAN,0,1
PREV_NAME_CASH_LOAN_PURPOSE_Medicine_MEAN,10,1
PREV_NAME_CASH_LOAN_PURPOSE_Money_for_a_third_person_MEAN,0,1
PREV_NAME_CASH_LOAN_PURPOSE_Other_MEAN,6,1
PREV_NAME_CASH_LOAN_PURPOSE_Payments_on_other_loans_MEAN,13,1
PREV_NAME_CASH_LOAN_PURPOSE_Purchase_of_electronic_equipment_MEAN,0,1
PREV_NAME_CASH_LOAN_PURPOSE_Refusal_to_name_the_goal_MEAN,0,1
PREV_NAME_CASH_LOAN_PURPOSE_Repairs_MEAN,18,1
PREV_NAME_CASH_LOAN_PURPOSE_Urgent_needs_MEAN,17,1
PREV_NAME_CASH_LOAN_PURPOSE_Wedding_gift_holiday_MEAN,0,1
PREV_NAME_CASH_LOAN_PURPOSE_XAP_MEAN,13,1
PREV_NAME_CASH_LOAN_PURPOSE_XNA_MEAN,27,1
PREV_NAME_CASH_LOAN_PURPOSE_nan_MEAN,0,1
PREV_NAME_CONTRACT_STATUS_Approved_MEAN,48,1
PREV_NAME_CONTRACT_STATUS_Canceled_MEAN,35,1
PREV_NAME_CONTRACT_STATUS_Refused_MEAN,60,1
PREV_NAME_CONTRACT_STATUS_Unused_offer_MEAN,1,1
PREV_NAME_CONTRACT_STATUS_nan_MEAN,0,1
PREV_NAME_PAYMENT_TYPE_Cash_through_the_bank_MEAN,27,1
PREV_NAME_PAYMENT_TYPE_Cashless_from_the_account_of_the_employer_MEAN,0,1
PREV_NAME_PAYMENT_TYPE_Non_cash_from_your_account_MEAN,0,1
PREV_NAME_PAYMENT_TYPE_XNA_MEAN,40,1
PREV_NAME_PAYMENT_TYPE_nan_MEAN,0,1
PREV_CODE_REJECT_REASON_CLIENT_MEAN,0,1
PREV_CODE_REJECT_REASON_HC_MEAN,18,1
PREV_CODE_REJECT_REASON_LIMIT_MEAN,13,1
PREV_CODE_REJECT_REASON_SCO_MEAN,54,1
PREV_CODE_REJECT_REASON_SCOFR_MEAN,6,1
PREV_CODE_REJECT_REASON_SYSTEM_MEAN,0,1
PREV_CODE_REJECT_REASON_VERIF_MEAN,10,1
PREV_CODE_REJECT_REASON_XAP_MEAN,37,1
PREV_CODE_REJECT_REASON_XNA_MEAN,3,1
PREV_CODE_REJECT_REASON_nan_MEAN,0,1
PREV_NAME_TYPE_SUITE_Children_MEAN,6,1
PREV_NAME_TYPE_SUITE_Family_MEAN,30,1
PREV_NAME_TYPE_SUITE_Group_of_people_MEAN,1,1
PREV_NAME_TYPE_SUITE_Other_A_MEAN,11,1
PREV_NAME_TYPE_SUITE_Other_B_MEAN,4,1
PREV_NAME_TYPE_SUITE_Spouse_partner_MEAN,20,1
PREV_NAME_TYPE_SUITE_Unaccompanied_MEAN,87,1
PREV_NAME_TYPE_SUITE_nan_MEAN,102,1
PREV_NAME_CLIENT_TYPE_New_MEAN,44,1
PREV_NAME_CLIENT_TYPE_Refreshed_MEAN,52,1
PREV_NAME_CLIENT_TYPE_Repeater_MEAN,17,1
PREV_NAME_CLIENT_TYPE_XNA_MEAN,0,1
PREV_NAME_CLIENT_TYPE_nan_MEAN,0,1
PREV_NAME_GOODS_CATEGORY_Additional_Service_MEAN,0,1
PREV_NAME_GOODS_CATEGORY_Animals_MEAN,0,1
PREV_NAME_GOODS_CATEGORY_Audio_Video_MEAN,29,1
PREV_NAME_GOODS_CATEGORY_Auto_Accessories_MEAN,4,1
PREV_NAME_GOODS_CATEGORY_Clothing_and_Accessories_MEAN,4,1
PREV_NAME_GOODS_CATEGORY_Computers_MEAN,24,1
PREV_NAME_GOODS_CATEGORY_Construction_Materials_MEAN,13,1
PREV_NAME_GOODS_CATEGORY_Consumer_Electronics_MEAN,19,1
PREV_NAME_GOODS_CATEGORY_Direct_Sales_MEAN,2,1
PREV_NAME_GOODS_CATEGORY_Education_MEAN,0,1
PREV_NAME_GOODS_CATEGORY_Fitness_MEAN,0,1
PREV_NAME_GOODS_CATEGORY_Furniture_MEAN,25,1
PREV_NAME_GOODS_CATEGORY_Gardening_MEAN,8,1
PREV_NAME_GOODS_CATEGORY_Homewares_MEAN,0,1
PREV_NAME_GOODS_CATEGORY_House_Construction_MEAN,0,1
PREV_NAME_GOODS_CATEGORY_Insurance_MEAN,0,1
PREV_NAME_GOODS_CATEGORY_Jewelry_MEAN,13,1
PREV_NAME_GOODS_CATEGORY_Medical_Supplies_MEAN,2,1
PREV_NAME_GOODS_CATEGORY_Medicine_MEAN,0,1
PREV_NAME_GOODS_CATEGORY_Mobile_MEAN,33,1
PREV_NAME_GOODS_CATEGORY_Office_Appliances_MEAN,0,1
PREV_NAME_GOODS_CATEGORY_Other_MEAN,1,1
PREV_NAME_GOODS_CATEGORY_Photo_Cinema_Equipment_MEAN,19,1
PREV_NAME_GOODS_CATEGORY_Sport_and_Leisure_MEAN,32,1
PREV_NAME_GOODS_CATEGORY_Tourism_MEAN,0,1
PREV_NAME_GOODS_CATEGORY_Vehicles_MEAN,6,1
PREV_NAME_GOODS_CATEGORY_Weapon_MEAN,0,1
PREV_NAME_GOODS_CATEGORY_XNA_MEAN,12,1
PREV_NAME_GOODS_CATEGORY_nan_MEAN,0,1
PREV_NAME_PORTFOLIO_Cards_MEAN,9,1
PREV_NAME_PORTFOLIO_Cars_MEAN,0,1
PREV_NAME_PORTFOLIO_Cash_MEAN,46,1
PREV_NAME_PORTFOLIO_POS_MEAN,24,1
PREV_NAME_PORTFOLIO_XNA_MEAN,26,1
PREV_NAME_PORTFOLIO_nan_MEAN,0,1
PREV_NAME_PRODUCT_TYPE_XNA_MEAN,34,1
PREV_NAME_PRODUCT_TYPE_walk_in_MEAN,43,1
PREV_NAME_PRODUCT_TYPE_x_sell_MEAN,31,1
PREV_NAME_PRODUCT_TYPE_nan_MEAN,0,1
PREV_CHANNEL_TYPE_AP_Cash_loan__MEAN,23,1
PREV_CHANNEL_TYPE_Car_dealer_MEAN,0,1
PREV_CHANNEL_TYPE_Channel_of_corporate_sales_MEAN,25,1
PREV_CHANNEL_TYPE_Contact_center_MEAN,27,1
PREV_CHANNEL_TYPE_Country_wide_MEAN,34,1
PREV_CHANNEL_TYPE_Credit_and_cash_offices_MEAN,71,1
PREV_CHANNEL_TYPE_Regional_Local_MEAN,8,1
PREV_CHANNEL_TYPE_Stone_MEAN,25,1
PREV_CHANNEL_TYPE_nan_MEAN,0,1
PREV_NAME_SELLER_INDUSTRY_Auto_technology_MEAN,9,1
PREV_NAME_SELLER_INDUSTRY_Clothing_MEAN,10,1
PREV_NAME_SELLER_INDUSTRY_Connectivity_MEAN,49,1
PREV_NAME_SELLER_INDUSTRY_Construction_MEAN,11,1
PREV_NAME_SELLER_INDUSTRY_Consumer_electronics_MEAN,23,1
PREV_NAME_SELLER_INDUSTRY_Furniture_MEAN,8,1
PREV_NAME_SELLER_INDUSTRY_Industry_MEAN,3,1
PREV_NAME_SELLER_INDUSTRY_Jewelry_MEAN,0,1
PREV_NAME_SELLER_INDUSTRY_MLM_partners_MEAN,0,1
PREV_NAME_SELLER_INDUSTRY_Tourism_MEAN,0,1
PREV_NAME_SELLER_INDUSTRY_XNA_MEAN,14,1
PREV_NAME_SELLER_INDUSTRY_nan_MEAN,0,1
PREV_NAME_YIELD_GROUP_XNA_MEAN,35,1
PREV_NAME_YIELD_GROUP_high_MEAN,82,1
PREV_NAME_YIELD_GROUP_low_action_MEAN,75,1
PREV_NAME_YIELD_GROUP_low_normal_MEAN,76,1
PREV_NAME_YIELD_GROUP_middle_MEAN,48,1
PREV_NAME_YIELD_GROUP_nan_MEAN,0,1
PREV_PRODUCT_COMBINATION_Card_Street_MEAN,7,1
PREV_PRODUCT_COMBINATION_Card_X_Sell_MEAN,13,1
PREV_PRODUCT_COMBINATION_Cash_MEAN,31,1
PREV_PRODUCT_COMBINATION_Cash_Street_high_MEAN,18,1
PREV_PRODUCT_COMBINATION_Cash_Street_low_MEAN,71,1
PREV_PRODUCT_COMBINATION_Cash_Street_middle_MEAN,6,1
PREV_PRODUCT_COMBINATION_Cash_X_Sell_high_MEAN,61,1
PREV_PRODUCT_COMBINATION_Cash_X_Sell_low_MEAN,54,1
PREV_PRODUCT_COMBINATION_Cash_X_Sell_middle_MEAN,20,1
PREV_PRODUCT_COMBINATION_POS_household_with_interest_MEAN,28,1
PREV_PRODUCT_COMBINATION_POS_household_without_interest_MEAN,13,1
PREV_PRODUCT_COMBINATION_POS_industry_with_interest_MEAN,27,1
PREV_PRODUCT_COMBINATION_POS_industry_without_interest_MEAN,9,1
PREV_PRODUCT_COMBINATION_POS_mobile_with_interest_MEAN,24,1
PREV_PRODUCT_COMBINATION_POS_mobile_without_interest_MEAN,2,1
PREV_PRODUCT_COMBINATION_POS_other_with_interest_MEAN,6,1
PREV_PRODUCT_COMBINATION_POS_others_without_interest_MEAN,0,1
PREV_PRODUCT_COMBINATION_nan_MEAN,0,1
APPROVED_AMT_ANNUITY_MIN,45,1
APPROVED_AMT_ANNUITY_MAX,49,1
APPROVED_AMT_ANNUITY_MEAN,73,1
APPROVED_AMT_APPLICATION_MIN,66,1
APPROVED_AMT_APPLICATION_MAX,47,1
APPROVED_AMT_APPLICATION_MEAN,44,1
APPROVED_AMT_CREDIT_MIN,59,1
APPROVED_AMT_CREDIT_MAX,66,1
APPROVED_AMT_CREDIT_MEAN,37,1
APPROVED_APP_CREDIT_PERC_MIN,66,1
APPROVED_APP_CREDIT_PERC_MAX,44,1
APPROVED_APP_CREDIT_PERC_MEAN,48,1
APPROVED_APP_CREDIT_PERC_VAR,103,1
APPROVED_AMT_DOWN_PAYMENT_MIN,28,1
APPROVED_AMT_DOWN_PAYMENT_MAX,74,1
APPROVED_AMT_DOWN_PAYMENT_MEAN,36,1
APPROVED_AMT_GOODS_PRICE_MIN,74,1
APPROVED_AMT_GOODS_PRICE_MAX,27,1
APPROVED_AMT_GOODS_PRICE_MEAN,39,1
APPROVED_HOUR_APPR_PROCESS_START_MIN,31,1
APPROVED_HOUR_APPR_PROCESS_START_MAX,39,1
APPROVED_HOUR_APPR_PROCESS_START_MEAN,63,1
APPROVED_RATE_DOWN_PAYMENT_MIN,20,1
APPROVED_RATE_DOWN_PAYMENT_MAX,40,1
APPROVED_RATE_DOWN_PAYMENT_MEAN,50,1
APPROVED_DAYS_DECISION_MIN,57,1
APPROVED_DAYS_DECISION_MAX,119,1
APPROVED_DAYS_DECISION_MEAN,47,1
APPROVED_CNT_PAYMENT_MEAN,95,1
APPROVED_CNT_PAYMENT_SUM,165,1
REFUSED_AMT_ANNUITY_MIN,47,1
REFUSED_AMT_ANNUITY_MAX,32,1
REFUSED_AMT_ANNUITY_MEAN,25,1
REFUSED_AMT_APPLICATION_MIN,14,1
REFUSED_AMT_APPLICATION_MAX,22,1
REFUSED_AMT_APPLICATION_MEAN,17,1
REFUSED_AMT_CREDIT_MIN,46,1
REFUSED_AMT_CREDIT_MAX,27,1
REFUSED_AMT_CREDIT_MEAN,25,1
REFUSED_APP_CREDIT_PERC_MIN,59,1
REFUSED_APP_CREDIT_PERC_MAX,24,1
REFUSED_APP_CREDIT_PERC_MEAN,35,1
REFUSED_APP_CREDIT_PERC_VAR,37,1
REFUSED_AMT_DOWN_PAYMENT_MIN,10,1
REFUSED_AMT_DOWN_PAYMENT_MAX,12,1
REFUSED_AMT_DOWN_PAYMENT_MEAN,13,1
REFUSED_AMT_GOODS_PRICE_MIN,35,1
REFUSED_AMT_GOODS_PRICE_MAX,17,1
REFUSED_AMT_GOODS_PRICE_MEAN,44,1
REFUSED_HOUR_APPR_PROCESS_START_MIN,38,1
REFUSED_HOUR_APPR_PROCESS_START_MAX,20,1
REFUSED_HOUR_APPR_PROCESS_START_MEAN,27,1
REFUSED_RATE_DOWN_PAYMENT_MIN,18,1
REFUSED_RATE_DOWN_PAYMENT_MAX,35,1
REFUSED_RATE_DOWN_PAYMENT_MEAN,10,1
REFUSED_DAYS_DECISION_MIN,54,1
REFUSED_DAYS_DECISION_MAX,100,1
REFUSED_DAYS_DECISION_MEAN,64,1
REFUSED_CNT_PAYMENT_MEAN,24,1
REFUSED_CNT_PAYMENT_SUM,21,1
POS_MONTHS_BALANCE_MAX,75,1
POS_MONTHS_BALANCE_MEAN,85,1
POS_MONTHS_BALANCE_SIZE,135,1
POS_SK_DPD_MAX,35,1
POS_SK_DPD_MEAN,47,1
POS_SK_DPD_DEF_MAX,45,1
POS_SK_DPD_DEF_MEAN,77,1
POS_SK_ID_PREV_MEAN,115,1
POS_CNT_INSTALMENT_MEAN,88,1
POS_CNT_INSTALMENT_FUTURE_MEAN,256,1
POS_NAME_CONTRACT_STATUS_Active_MEAN,73,1
POS_NAME_CONTRACT_STATUS_Amortized_debt_MEAN,0,1
POS_NAME_CONTRACT_STATUS_Approved_MEAN,17,1
POS_NAME_CONTRACT_STATUS_Canceled_MEAN,0,1
POS_NAME_CONTRACT_STATUS_Completed_MEAN,61,1
POS_NAME_CONTRACT_STATUS_Demand_MEAN,0,1
POS_NAME_CONTRACT_STATUS_Returned_to_the_store_MEAN,30,1
POS_NAME_CONTRACT_STATUS_Signed_MEAN,39,1
POS_NAME_CONTRACT_STATUS_XNA_MEAN,0,1
POS_NAME_CONTRACT_STATUS_nan_MEAN,0,1
POS_COUNT,16,1
INSTAL_NUM_INSTALMENT_VERSION_NUNIQUE,37,1
INSTAL_DPD_MAX,38,1
INSTAL_DPD_MEAN,124,1
INSTAL_DPD_SUM,43,1
INSTAL_DBD_MAX,150,1
INSTAL_DBD_MEAN,110,1
INSTAL_DBD_SUM,175,1
INSTAL_PAYMENT_PERC_MAX,11,1
INSTAL_PAYMENT_PERC_MEAN,107,1
INSTAL_PAYMENT_PERC_SUM,80,1
INSTAL_PAYMENT_PERC_VAR,54,1
INSTAL_PAYMENT_DIFF_MAX,116,1
INSTAL_PAYMENT_DIFF_MEAN,122,1
INSTAL_PAYMENT_DIFF_SUM,93,1
INSTAL_PAYMENT_DIFF_VAR,65,1
INSTAL_AMT_INSTALMENT_MAX,88,1
INSTAL_AMT_INSTALMENT_MEAN,62,1
INSTAL_AMT_INSTALMENT_SUM,117,1
INSTAL_AMT_PAYMENT_MIN,116,1
INSTAL_AMT_PAYMENT_MAX,83,1
INSTAL_AMT_PAYMENT_MEAN,101,1
INSTAL_AMT_PAYMENT_SUM,214,1
INSTAL_DAYS_ENTRY_PAYMENT_MAX,222,1
INSTAL_DAYS_ENTRY_PAYMENT_MEAN,57,1
INSTAL_DAYS_ENTRY_PAYMENT_SUM,95,1
INSTAL_SK_ID_PREV_MEAN,105,1
INSTAL_NUM_INSTALMENT_NUMBER_MEAN,108,1
INSTAL_DAYS_INSTALMENT_MEAN,53,1
INSTAL_COUNT,33,1
CC_MONTHS_BALANCE_MIN,2,1
CC_MONTHS_BALANCE_MAX,4,1
CC_MONTHS_BALANCE_MEAN,6,1
CC_MONTHS_BALANCE_SUM,14,1
CC_MONTHS_BALANCE_VAR,10,1
CC_AMT_BALANCE_MIN,16,1
CC_AMT_BALANCE_MAX,14,1
CC_AMT_BALANCE_MEAN,30,1
CC_AMT_BALANCE_SUM,6,1
CC_AMT_BALANCE_VAR,24,1
CC_AMT_CREDIT_LIMIT_ACTUAL_MIN,16,1
CC_AMT_CREDIT_LIMIT_ACTUAL_MAX,6,1
CC_AMT_CREDIT_LIMIT_ACTUAL_MEAN,79,1
CC_AMT_CREDIT_LIMIT_ACTUAL_SUM,27,1
CC_AMT_CREDIT_LIMIT_ACTUAL_VAR,34,1
CC_AMT_DRAWINGS_ATM_CURRENT_MIN,1,1
CC_AMT_DRAWINGS_ATM_CURRENT_MAX,21,1
CC_AMT_DRAWINGS_ATM_CURRENT_MEAN,12,1
CC_AMT_DRAWINGS_ATM_CURRENT_SUM,36,1
CC_AMT_DRAWINGS_ATM_CURRENT_VAR,20,1
CC_AMT_DRAWINGS_CURRENT_MIN,11,1
CC_AMT_DRAWINGS_CURRENT_MAX,12,1
CC_AMT_DRAWINGS_CURRENT_MEAN,19,1
CC_AMT_DRAWINGS_CURRENT_SUM,10,1
CC_AMT_DRAWINGS_CURRENT_VAR,19,1
CC_AMT_DRAWINGS_OTHER_CURRENT_MIN,0,1
CC_AMT_DRAWINGS_OTHER_CURRENT_MAX,2,1
CC_AMT_DRAWINGS_OTHER_CURRENT_MEAN,5,1
CC_AMT_DRAWINGS_OTHER_CURRENT_SUM,3,1
CC_AMT_DRAWINGS_OTHER_CURRENT_VAR,1,1
CC_AMT_DRAWINGS_POS_CURRENT_MIN,2,1
CC_AMT_DRAWINGS_POS_CURRENT_MAX,9,1
CC_AMT_DRAWINGS_POS_CURRENT_MEAN,12,1
CC_AMT_DRAWINGS_POS_CURRENT_SUM,30,1
CC_AMT_DRAWINGS_POS_CURRENT_VAR,14,1
CC_AMT_INST_MIN_REGULARITY_MIN,0,1
CC_AMT_INST_MIN_REGULARITY_MAX,4,1
CC_AMT_INST_MIN_REGULARITY_MEAN,6,1
CC_AMT_INST_MIN_REGULARITY_SUM,12,1
CC_AMT_INST_MIN_REGULARITY_VAR,27,1
CC_AMT_PAYMENT_CURRENT_MIN,25,1
CC_AMT_PAYMENT_CURRENT_MAX,26,1
CC_AMT_PAYMENT_CURRENT_MEAN,63,1
CC_AMT_PAYMENT_CURRENT_SUM,43,1
CC_AMT_PAYMENT_CURRENT_VAR,25,1
CC_AMT_PAYMENT_TOTAL_CURRENT_MIN,1,1
CC_AMT_PAYMENT_TOTAL_CURRENT_MAX,31,1
CC_AMT_PAYMENT_TOTAL_CURRENT_MEAN,16,1
CC_AMT_PAYMENT_TOTAL_CURRENT_SUM,24,1
CC_AMT_PAYMENT_TOTAL_CURRENT_VAR,20,1
CC_AMT_RECEIVABLE_PRINCIPAL_MIN,14,1
CC_AMT_RECEIVABLE_PRINCIPAL_MAX,13,1
CC_AMT_RECEIVABLE_PRINCIPAL_MEAN,18,1
CC_AMT_RECEIVABLE_PRINCIPAL_SUM,16,1
CC_AMT_RECEIVABLE_PRINCIPAL_VAR,9,1
CC_AMT_RECIVABLE_MIN,27,1
CC_AMT_RECIVABLE_MAX,8,1
CC_AMT_RECIVABLE_MEAN,10,1
CC_AMT_RECIVABLE_SUM,8,1
CC_AMT_RECIVABLE_VAR,14,1
CC_AMT_TOTAL_RECEIVABLE_MIN,6,1
CC_AMT_TOTAL_RECEIVABLE_MAX,13,1
CC_AMT_TOTAL_RECEIVABLE_MEAN,3,1
CC_AMT_TOTAL_RECEIVABLE_SUM,4,1
CC_AMT_TOTAL_RECEIVABLE_VAR,2,1
CC_CNT_DRAWINGS_ATM_CURRENT_MIN,1,1
CC_CNT_DRAWINGS_ATM_CURRENT_MAX,3,1
CC_CNT_DRAWINGS_ATM_CURRENT_MEAN,113,1
CC_CNT_DRAWINGS_ATM_CURRENT_SUM,16,1
CC_CNT_DRAWINGS_ATM_CURRENT_VAR,65,1
CC_CNT_DRAWINGS_CURRENT_MIN,1,1
CC_CNT_DRAWINGS_CURRENT_MAX,63,1
CC_CNT_DRAWINGS_CURRENT_MEAN,33,1
CC_CNT_DRAWINGS_CURRENT_SUM,14,1
CC_CNT_DRAWINGS_CURRENT_VAR,53,1
CC_CNT_DRAWINGS_OTHER_CURRENT_MIN,0,1
CC_CNT_DRAWINGS_OTHER_CURRENT_MAX,0,1
CC_CNT_DRAWINGS_OTHER_CURRENT_MEAN,5,1
CC_CNT_DRAWINGS_OTHER_CURRENT_SUM,5,1
CC_CNT_DRAWINGS_OTHER_CURRENT_VAR,12,1
CC_CNT_DRAWINGS_POS_CURRENT_MIN,18,1
CC_CNT_DRAWINGS_POS_CURRENT_MAX,9,1
CC_CNT_DRAWINGS_POS_CURRENT_MEAN,38,1
CC_CNT_DRAWINGS_POS_CURRENT_SUM,14,1
CC_CNT_DRAWINGS_POS_CURRENT_VAR,21,1
CC_CNT_INSTALMENT_MATURE_CUM_MIN,2,1
CC_CNT_INSTALMENT_MATURE_CUM_MAX,4,1
CC_CNT_INSTALMENT_MATURE_CUM_MEAN,9,1
CC_CNT_INSTALMENT_MATURE_CUM_SUM,8,1
CC_CNT_INSTALMENT_MATURE_CUM_VAR,6,1
CC_SK_DPD_MIN,0,1
CC_SK_DPD_MAX,0,1
CC_SK_DPD_MEAN,4,1
CC_SK_DPD_SUM,48,1
CC_SK_DPD_VAR,5,1
CC_SK_DPD_DEF_MIN,0,1
CC_SK_DPD_DEF_MAX,0,1
CC_SK_DPD_DEF_MEAN,32,1
CC_SK_DPD_DEF_SUM,0,1
CC_SK_DPD_DEF_VAR,13,1
CC_NAME_CONTRACT_STATUS_Active_MIN,0,1
CC_NAME_CONTRACT_STATUS_Active_MAX,0,1
CC_NAME_CONTRACT_STATUS_Active_MEAN,2,1
CC_NAME_CONTRACT_STATUS_Active_SUM,9,1
CC_NAME_CONTRACT_STATUS_Active_VAR,10,1
CC_NAME_CONTRACT_STATUS_Approved_MIN,0,1
CC_NAME_CONTRACT_STATUS_Approved_MAX,0,1
CC_NAME_CONTRACT_STATUS_Approved_MEAN,0,1
CC_NAME_CONTRACT_STATUS_Approved_SUM,0,1
CC_NAME_CONTRACT_STATUS_Approved_VAR,0,1
CC_NAME_CONTRACT_STATUS_Completed_MIN,0,1
CC_NAME_CONTRACT_STATUS_Completed_MAX,0,1
CC_NAME_CONTRACT_STATUS_Completed_MEAN,8,1
CC_NAME_CONTRACT_STATUS_Completed_SUM,1,1
CC_NAME_CONTRACT_STATUS_Completed_VAR,6,1
CC_NAME_CONTRACT_STATUS_Demand_MIN,0,1
CC_NAME_CONTRACT_STATUS_Demand_MAX,0,1
CC_NAME_CONTRACT_STATUS_Demand_MEAN,0,1
CC_NAME_CONTRACT_STATUS_Demand_SUM,0,1
CC_NAME_CONTRACT_STATUS_Demand_VAR,0,1
CC_NAME_CONTRACT_STATUS_Refused_MIN,0,1
CC_NAME_CONTRACT_STATUS_Refused_MAX,0,1
CC_NAME_CONTRACT_STATUS_Refused_MEAN,0,1
CC_NAME_CONTRACT_STATUS_Refused_SUM,0,1
CC_NAME_CONTRACT_STATUS_Refused_VAR,0,1
CC_NAME_CONTRACT_STATUS_Sent_proposal_MIN,0,1
CC_NAME_CONTRACT_STATUS_Sent_proposal_MAX,0,1
CC_NAME_CONTRACT_STATUS_Sent_proposal_MEAN,20,1
CC_NAME_CONTRACT_STATUS_Sent_proposal_SUM,0,1
CC_NAME_CONTRACT_STATUS_Sent_proposal_VAR,2,1
CC_NAME_CONTRACT_STATUS_Signed_MIN,0,1
CC_NAME_CONTRACT_STATUS_Signed_MAX,0,1
CC_NAME_CONTRACT_STATUS_Signed_MEAN,0,1
CC_NAME_CONTRACT_STATUS_Signed_SUM,0,1
CC_NAME_CONTRACT_STATUS_Signed_VAR,8,1
CC_NAME_CONTRACT_STATUS_nan_MIN,0,1
CC_NAME_CONTRACT_STATUS_nan_MAX,0,1
CC_NAME_CONTRACT_STATUS_nan_MEAN,0,1
CC_NAME_CONTRACT_STATUS_nan_SUM,0,1
CC_NAME_CONTRACT_STATUS_nan_VAR,0,1
CC_COUNT,3,1
DEBT_INCOME_RATIO,79,1
CURR_PREV_CREDIT_RATIO,104,1
CREDIT_GOODS_PRICE_RATIO,286,1
COMBINED_DPD_MEAN,109,1
CC_UTILIZATION_INCOME,34,1
CODE_GENDER,127,2
FLAG_OWN_CAR,6,2
FLAG_OWN_REALTY,3,2
CNT_CHILDREN,3,2
AMT_INCOME_TOTAL,111,2
AMT_CREDIT,109,2
AMT_ANNUITY,340,2
AMT_GOODS_PRICE,170,2
REGION_POPULATION_RELATIVE,227,2
DAYS_BIRTH,425,2
DAYS_EMPLOYED,262,2
DAYS_REGISTRATION,167,2
DAYS_ID_PUBLISH,259,2
OWN_CAR_AGE,182,2
FLAG_MOBIL,0,2
FLAG_EMP_PHONE,0,2
FLAG_WORK_PHONE,63,2
FLAG_CONT_MOBILE,0,2
FLAG_PHONE,15,2
FLAG_EMAIL,0,2
CNT_FAM_MEMBERS,12,2
REGION_RATING_CLIENT,2,2
REGION_RATING_CLIENT_W_CITY,86,2
HOUR_APPR_PROCESS_START,73,2
REG_REGION_NOT_LIVE_REGION,8,2
REG_REGION_NOT_WORK_REGION,4,2
LIVE_REGION_NOT_WORK_REGION,7,2
REG_CITY_NOT_LIVE_CITY,46,2
REG_CITY_NOT_WORK_CITY,2,2
LIVE_CITY_NOT_WORK_CITY,16,2
EXT_SOURCE_1,595,2
EXT_SOURCE_2,455,2
EXT_SOURCE_3,601,2
APARTMENTS_AVG,35,2
BASEMENTAREA_AVG,30,2
YEARS_BEGINEXPLUATATION_AVG,27,2
YEARS_BUILD_AVG,16,2
COMMONAREA_AVG,25,2
ELEVATORS_AVG,18,2
ENTRANCES_AVG,13,2
FLOORSMAX_AVG,15,2
FLOORSMIN_AVG,16,2
LANDAREA_AVG,42,2
LIVINGAPARTMENTS_AVG,22,2
LIVINGAREA_AVG,27,2
NONLIVINGAPARTMENTS_AVG,19,2
NONLIVINGAREA_AVG,29,2
APARTMENTS_MODE,35,2
BASEMENTAREA_MODE,37,2
YEARS_BEGINEXPLUATATION_MODE,26,2
YEARS_BUILD_MODE,14,2
COMMONAREA_MODE,24,2
ELEVATORS_MODE,10,2
ENTRANCES_MODE,16,2
FLOORSMAX_MODE,7,2
FLOORSMIN_MODE,12,2
LANDAREA_MODE,37,2
LIVINGAPARTMENTS_MODE,23,2
LIVINGAREA_MODE,46,2
NONLIVINGAPARTMENTS_MODE,15,2
NONLIVINGAREA_MODE,10,2
APARTMENTS_MEDI,28,2
BASEMENTAREA_MEDI,11,2
YEARS_BEGINEXPLUATATION_MEDI,52,2
YEARS_BUILD_MEDI,23,2
COMMONAREA_MEDI,32,2
ELEVATORS_MEDI,4,2
ENTRANCES_MEDI,14,2
FLOORSMAX_MEDI,6,2
FLOORSMIN_MEDI,6,2
LANDAREA_MEDI,24,2
LIVINGAPARTMENTS_MEDI,27,2
LIVINGAREA_MEDI,15,2
NONLIVINGAPARTMENTS_MEDI,8,2
NONLIVINGAREA_MEDI,12,2
TOTALAREA_MODE,48,2
OBS_30_CNT_SOCIAL_CIRCLE,37,2
DEF_30_CNT_SOCIAL_CIRCLE,52,2
OBS_60_CNT_SOCIAL_CIRCLE,34,2
DEF_60_CNT_SOCIAL_CIRCLE,56,2
DAYS_LAST_PHONE_CHANGE,172,2
FLAG_DOCUMENT_2,0,2
FLAG_DOCUMENT_3,25,2
FLAG_DOCUMENT_4,0,2
FLAG_DOCUMENT_5,0,2
FLAG_DOCUMENT_6,7,2
FLAG_DOCUMENT_7,0,2
FLAG_DOCUMENT_8,28,2
FLAG_DOCUMENT_9,0,2
FLAG_DOCUMENT_10,0,2
FLAG_DOCUMENT_11,13,2
FLAG_DOCUMENT_12,0,2
FLAG_DOCUMENT_13,11,2
FLAG_DOCUMENT_14,0,2
FLAG_DOCUMENT_15,0,2
FLAG_DOCUMENT_16,10,2
FLAG_DOCUMENT_17,0,2
FLAG_DOCUMENT_18,40,2
FLAG_DOCUMENT_19,0,2
FLAG_DOCUMENT_20,0,2
FLAG_DOCUMENT_21,0,2
AMT_REQ_CREDIT_BUREAU_HOUR,0,2
AMT_REQ_CREDIT_BUREAU_DAY,9,2
AMT_REQ_CREDIT_BUREAU_WEEK,7,2
AMT_REQ_CREDIT_BUREAU_MON,18,2
AMT_REQ_CREDIT_BUREAU_QRT,43,2
AMT_REQ_CREDIT_BUREAU_YEAR,39,2
NAME_CONTRACT_TYPE_Cash_loans,26,2
NAME_CONTRACT_TYPE_Revolving_loans,5,2
NAME_TYPE_SUITE_Children,0,2
NAME_TYPE_SUITE_Family,3,2
NAME_TYPE_SUITE_Group_of_people,0,2
NAME_TYPE_SUITE_Other_A,0,2
NAME_TYPE_SUITE_Other_B,0,2
NAME_TYPE_SUITE_Spouse_partner,8,2
NAME_TYPE_SUITE_Unaccompanied,5,2
NAME_INCOME_TYPE_Businessman,0,2
NAME_INCOME_TYPE_Commercial_associate,6,2
NAME_INCOME_TYPE_Maternity_leave,0,2
NAME_INCOME_TYPE_Pensioner,0,2
NAME_INCOME_TYPE_State_servant,28,2
NAME_INCOME_TYPE_Student,0,2
NAME_INCOME_TYPE_Unemployed,0,2
NAME_INCOME_TYPE_Working,12,2
NAME_EDUCATION_TYPE_Academic_degree,0,2
NAME_EDUCATION_TYPE_Higher_education,49,2
NAME_EDUCATION_TYPE_Incomplete_higher,7,2
NAME_EDUCATION_TYPE_Lower_secondary,1,2
NAME_EDUCATION_TYPE_Secondary_secondary_special,16,2
NAME_FAMILY_STATUS_Civil_marriage,10,2
NAME_FAMILY_STATUS_Married,90,2
NAME_FAMILY_STATUS_Separated,1,2
NAME_FAMILY_STATUS_Single_not_married,3,2
NAME_FAMILY_STATUS_Unknown,0,2
NAME_FAMILY_STATUS_Widow,8,2
NAME_HOUSING_TYPE_Co_op_apartment,0,2
NAME_HOUSING_TYPE_House_apartment,8,2
NAME_HOUSING_TYPE_Municipal_apartment,17,2
NAME_HOUSING_TYPE_Office_apartment,21,2
NAME_HOUSING_TYPE_Rented_apartment,2,2
NAME_HOUSING_TYPE_With_parents,0,2
OCCUPATION_TYPE_Accountants,9,2
OCCUPATION_TYPE_Cleaning_staff,2,2
OCCUPATION_TYPE_Cooking_staff,0,2
OCCUPATION_TYPE_Core_staff,37,2
OCCUPATION_TYPE_Drivers,27,2
OCCUPATION_TYPE_HR_staff,0,2
OCCUPATION_TYPE_High_skill_tech_staff,17,2
OCCUPATION_TYPE_IT_staff,0,2
OCCUPATION_TYPE_Laborers,4,2
OCCUPATION_TYPE_Low_skill_Laborers,6,2
OCCUPATION_TYPE_Managers,0,2
OCCUPATION_TYPE_Medicine_staff,19,2
OCCUPATION_TYPE_Private_service_staff,0,2
OCCUPATION_TYPE_Realty_agents,0,2
OCCUPATION_TYPE_Sales_staff,2,2
OCCUPATION_TYPE_Secretaries,0,2
OCCUPATION_TYPE_Security_staff,0,2
OCCUPATION_TYPE_Waiters_barmen_staff,0,2
WEEKDAY_APPR_PROCESS_START_FRIDAY,10,2
WEEKDAY_APPR_PROCESS_START_MONDAY,21,2
WEEKDAY_APPR_PROCESS_START_SATURDAY,5,2
WEEKDAY_APPR_PROCESS_START_SUNDAY,6,2
WEEKDAY_APPR_PROCESS_START_THURSDAY,5,2
WEEKDAY_APPR_PROCESS_START_TUESDAY,5,2
WEEKDAY_APPR_PROCESS_START_WEDNESDAY,14,2
ORGANIZATION_TYPE_Advertising,0,2
ORGANIZATION_TYPE_Agriculture,0,2
ORGANIZATION_TYPE_Bank,6,2
ORGANIZATION_TYPE_Business_Entity_Type_1,0,2
ORGANIZATION_TYPE_Business_Entity_Type_2,0,2
ORGANIZATION_TYPE_Business_Entity_Type_3,39,2
ORGANIZATION_TYPE_Cleaning,0,2
ORGANIZATION_TYPE_Construction,47,2
ORGANIZATION_TYPE_Culture,0,2
ORGANIZATION_TYPE_Electricity,0,2
ORGANIZATION_TYPE_Emergency,0,2
ORGANIZATION_TYPE_Government,6,2
ORGANIZATION_TYPE_Hotel,0,2
ORGANIZATION_TYPE_Housing,0,2
ORGANIZATION_TYPE_Industry_type_1,0,2
ORGANIZATION_TYPE_Industry_type_10,0,2
ORGANIZATION_TYPE_Industry_type_11,1,2
ORGANIZATION_TYPE_Industry_type_12,2,2
ORGANIZATION_TYPE_Industry_type_13,0,2
ORGANIZATION_TYPE_Industry_type_2,0,2
ORGANIZATION_TYPE_Industry_type_3,1,2
ORGANIZATION_TYPE_Industry_type_4,0,2
ORGANIZATION_TYPE_Industry_type_5,0,2
ORGANIZATION_TYPE_Industry_type_6,0,2
ORGANIZATION_TYPE_Industry_type_7,0,2
ORGANIZATION_TYPE_Industry_type_8,0,2
ORGANIZATION_TYPE_Industry_type_9,27,2
ORGANIZATION_TYPE_Insurance,0,2
ORGANIZATION_TYPE_Kindergarten,8,2
ORGANIZATION_TYPE_Legal_Services,0,2
ORGANIZATION_TYPE_Medicine,2,2
ORGANIZATION_TYPE_Military,34,2
ORGANIZATION_TYPE_Mobile,0,2
ORGANIZATION_TYPE_Other,1,2
ORGANIZATION_TYPE_Police,5,2
ORGANIZATION_TYPE_Postal,3,2
ORGANIZATION_TYPE_Realtor,15,2
ORGANIZATION_TYPE_Religion,0,2
ORGANIZATION_TYPE_Restaurant,6,2
ORGANIZATION_TYPE_School,24,2
ORGANIZATION_TYPE_Security,0,2
ORGANIZATION_TYPE_Security_Ministries,16,2
ORGANIZATION_TYPE_Self_employed,50,2
ORGANIZATION_TYPE_Services,0,2
ORGANIZATION_TYPE_Telecom,8,2
ORGANIZATION_TYPE_Trade_type_1,0,2
ORGANIZATION_TYPE_Trade_type_2,4,2
ORGANIZATION_TYPE_Trade_type_3,4,2
ORGANIZATION_TYPE_Trade_type_4,0,2
ORGANIZATION_TYPE_Trade_type_5,0,2
ORGANIZATION_TYPE_Trade_type_6,0,2
ORGANIZATION_TYPE_Trade_type_7,3,2
ORGANIZATION_TYPE_Transport_type_1,9,2
ORGANIZATION_TYPE_Transport_type_2,0,2
ORGANIZATION_TYPE_Transport_type_3,27,2
ORGANIZATION_TYPE_Transport_type_4,0,2
ORGANIZATION_TYPE_University,0,2
ORGANIZATION_TYPE_XNA,0,2
FONDKAPREMONT_MODE_not_specified,1,2
FONDKAPREMONT_MODE_org_spec_account,0,2
FONDKAPREMONT_MODE_reg_oper_account,0,2
FONDKAPREMONT_MODE_reg_oper_spec_account,5,2
HOUSETYPE_MODE_block_of_flats,0,2
HOUSETYPE_MODE_specific_housing,2,2
HOUSETYPE_MODE_terraced_house,0,2
WALLSMATERIAL_MODE_Block,0,2
WALLSMATERIAL_MODE_Mixed,1,2
WALLSMATERIAL_MODE_Monolithic,0,2
WALLSMATERIAL_MODE_Others,8,2
WALLSMATERIAL_MODE_Panel,12,2
WALLSMATERIAL_MODE_Stone_brick,27,2
WALLSMATERIAL_MODE_Wooden,0,2
EMERGENCYSTATE_MODE_No,0,2
EMERGENCYSTATE_MODE_Yes,0,2
DAYS_EMPLOYED_PERC,245,2
INCOME_CREDIT_PERC,167,2
INCOME_PER_PERSON,107,2
ANNUITY_INCOME_PERC,197,2
PAYMENT_RATE,567,2
BURO_DAYS_CREDIT_MIN,54,2
BURO_DAYS_CREDIT_MAX,113,2
BURO_DAYS_CREDIT_MEAN,97,2
BURO_DAYS_CREDIT_VAR,101,2
BURO_DAYS_CREDIT_ENDDATE_MIN,44,2
BURO_DAYS_CREDIT_ENDDATE_MAX,189,2
BURO_DAYS_CREDIT_ENDDATE_MEAN,108,2
BURO_DAYS_CREDIT_UPDATE_MEAN,54,2
BURO_CREDIT_DAY_OVERDUE_MAX,6,2
BURO_CREDIT_DAY_OVERDUE_MEAN,7,2
BURO_AMT_CREDIT_MAX_OVERDUE_MEAN,149,2
BURO_AMT_CREDIT_SUM_MAX,75,2
BURO_AMT_CREDIT_SUM_MEAN,133,2
BURO_AMT_CREDIT_SUM_SUM,78,2
BURO_AMT_CREDIT_SUM_DEBT_MAX,49,2
BURO_AMT_CREDIT_SUM_DEBT_MEAN,105,2
BURO_AMT_CREDIT_SUM_DEBT_SUM,49,2
BURO_AMT_CREDIT_SUM_OVERDUE_MEAN,50,2
BURO_AMT_CREDIT_SUM_LIMIT_MEAN,60,2
BURO_AMT_CREDIT_SUM_LIMIT_SUM,30,2
BURO_AMT_ANNUITY_MAX,27,2
BURO_AMT_ANNUITY_MEAN,36,2
BURO_CNT_CREDIT_PROLONG_SUM,4,2
BURO_MONTHS_BALANCE_MIN_MIN,25,2
BURO_MONTHS_BALANCE_MAX_MAX,13,2
BURO_MONTHS_BALANCE_SIZE_MEAN,34,2
BURO_MONTHS_BALANCE_SIZE_SUM,17,2
BURO_STATUS_SCORE_MAX_MAX,6,2
BURO_STATUS_SCORE_MAX_MEAN,19,2
BURO_STATUS_SCORE_MEAN_MEAN,12,2
BURO_STATUS_SCORE_RECENT6_MEAN_MEAN,16,2
BURO_STATUS_SCORE_TREND_MEAN,45,2
BURO_STATUS_SCORE_TREND_MAX,9,2
BURO_DAYS_ENDDATE_FACT_MEAN,58,2
BURO_CREDIT_ACTIVE_Active_MEAN,60,2
BURO_CREDIT_ACTIVE_Bad_debt_MEAN,0,2
BURO_CREDIT_ACTIVE_Closed_MEAN,48,2
BURO_CREDIT_ACTIVE_Sold_MEAN,21,2
BURO_CREDIT_ACTIVE_nan_MEAN,0,2
BURO_CREDIT_CURRENCY_currency_1_MEAN,0,2
BURO_CREDIT_CURRENCY_currency_2_MEAN,0,2
BURO_CREDIT_CURRENCY_currency_3_MEAN,0,2
BURO_CREDIT_CURRENCY_currency_4_MEAN,0,2
BURO_CREDIT_CURRENCY_nan_MEAN,0,2
BURO_CREDIT_TYPE_Another_type_of_loan_MEAN,35,2
BURO_CREDIT_TYPE_Car_loan_MEAN,40,2
BURO_CREDIT_TYPE_Cash_loan_non_earmarked__MEAN,0,2
BURO_CREDIT_TYPE_Consumer_credit_MEAN,24,2
BURO_CREDIT_TYPE_Credit_card_MEAN,47,2
BURO_CREDIT_TYPE_Interbank_credit_MEAN,0,2
BURO_CREDIT_TYPE_Loan_for_business_development_MEAN,0,2
BURO_CREDIT_TYPE_Loan_for_purchase_of_shares_margin_lending__MEAN,0,2
BURO_CREDIT_TYPE_Loan_for_the_purchase_of_equipment_MEAN,0,2
BURO_CREDIT_TYPE_Loan_for_working_capital_replenishment_MEAN,4,2
BURO_CREDIT_TYPE_Microloan_MEAN,67,2
BURO_CREDIT_TYPE_Mobile_operator_loan_MEAN,0,2
BURO_CREDIT_TYPE_Mortgage_MEAN,60,2
BURO_CREDIT_TYPE_Real_estate_loan_MEAN,0,2
BURO_CREDIT_TYPE_Unknown_type_of_loan_MEAN,0,2
BURO_CREDIT_TYPE_nan_MEAN,0,2
BURO_STATUS_0_MEAN_MEAN,94,2
BURO_STATUS_1_MEAN_MEAN,26,2
BURO_STATUS_2_MEAN_MEAN,6,2
BURO_STATUS_3_MEAN_MEAN,0,2
BURO_STATUS_4_MEAN_MEAN,4,2
BURO_STATUS_5_MEAN_MEAN,0,2
BURO_STATUS_C_MEAN_MEAN,36,2
BURO_STATUS_X_MEAN_MEAN,47,2
BURO_STATUS_nan_MEAN_MEAN,0,2
ACTIVE_DAYS_CREDIT_MIN,73,2
ACTIVE_DAYS_CREDIT_MAX,234,2
ACTIVE_DAYS_CREDIT_MEAN,114,2
ACTIVE_DAYS_CREDIT_VAR,64,2
ACTIVE_DAYS_CREDIT_ENDDATE_MIN,198,2
ACTIVE_DAYS_CREDIT_ENDDATE_MAX,117,2
ACTIVE_DAYS_CREDIT_ENDDATE_MEAN,140,2
ACTIVE_DAYS_CREDIT_UPDATE_MEAN,133,2
ACTIVE_CREDIT_DAY_OVERDUE_MAX,3,2
ACTIVE_CREDIT_DAY_OVERDUE_MEAN,7,2
ACTIVE_AMT_CREDIT_MAX_OVERDUE_MEAN,142,2
ACTIVE_AMT_CREDIT_SUM_MAX,84,2
ACTIVE_AMT_CREDIT_SUM_MEAN,110,2
ACTIVE_AMT_CREDIT_SUM_SUM,134,2
ACTIVE_AMT_CREDIT_SUM_DEBT_MAX,95,2
ACTIVE_AMT_CREDIT_SUM_DEBT_MEAN,100,2
ACTIVE_AMT_CREDIT_SUM_DEBT_SUM,86,2
ACTIVE_AMT_CREDIT_SUM_OVERDUE_MEAN,23,2
ACTIVE_AMT_CREDIT_SUM_LIMIT_MEAN,100,2
ACTIVE_AMT_CREDIT_SUM_LIMIT_SUM,45,2
ACTIVE_AMT_ANNUITY_MAX,52,2
ACTIVE_AMT_ANNUITY_MEAN,35,2
ACTIVE_CNT_CREDIT_PROLONG_SUM,2,2
ACTIVE_MONTHS_BALANCE_MIN_MIN,20,2
ACTIVE_MONTHS_BALANCE_MAX_MAX,38,2
ACTIVE_MONTHS_BALANCE_SIZE_MEAN,64,2
ACTIVE_MONTHS_BALANCE_SIZE_SUM,46,2
ACTIVE_STATUS_SCORE_MAX_MAX,0,2
ACTIVE_STATUS_SCORE_MAX_MEAN,12,2
ACTIVE_STATUS_SCORE_MEAN_MEAN,2,2
ACTIVE_STATUS_SCORE_RECENT6_MEAN_MEAN,14,2
ACTIVE_STATUS_SCORE_TREND_MEAN,33,2
ACTIVE_STATUS_SCORE_TREND_MAX,19,2
CLOSED_DAYS_CREDIT_MIN,57,2
CLOSED_DAYS_CREDIT_MAX,181,2
CLOSED_DAYS_CREDIT_MEAN,79,2
CLOSED_DAYS_CREDIT_VAR,124,2
CLOSED_DAYS_CREDIT_ENDDATE_MIN,43,2
CLOSED_DAYS_CREDIT_ENDDATE_MAX,181,2
CLOSED_DAYS_CREDIT_ENDDATE_MEAN,53,2
CLOSED_DAYS_CREDIT_UPDATE_MEAN,84,2
CLOSED_CREDIT_DAY_OVERDUE_MAX,0,2
CLOSED_CREDIT_DAY_OVERDUE_MEAN,0,2
CLOSED_AMT_CREDIT_MAX_OVERDUE_MEAN,68,2
CLOSED_AMT_CREDIT_SUM_MAX,68,2
CLOSED_AMT_CREDIT_SUM_MEAN,139,2
CLOSED_AMT_CREDIT_SUM_SUM,105,2
CLOSED_AMT_CREDIT_SUM_DEBT_MAX,22,2
CLOSED_AMT_CREDIT_SUM_DEBT_MEAN,22,2
CLOSED_AMT_CREDIT_SUM_DEBT_SUM,12,2
CLOSED_AMT_CREDIT_SUM_OVERDUE_MEAN,0,2
CLOSED_AMT_CREDIT_SUM_LIMIT_MEAN,16,2
CLOSED_AMT_CREDIT_SUM_LIMIT_SUM,1,2
CLOSED_AMT_ANNUITY_MAX,25,2
CLOSED_AMT_ANNUITY_MEAN,33,2
CLOSED_CNT_CREDIT_PROLONG_SUM,0,2
CLOSED_MONTHS_BALANCE_MIN_MIN,11,2
CLOSED_MONTHS_BALANCE_MAX_MAX,5,2
CLOSED_MONTHS_BALANCE_SIZE_MEAN,41,2
CLOSED_MONTHS_BALANCE_SIZE_SUM,60,2
CLOSED_STATUS_SCORE_MAX_MAX,1,2
CLOSED_STATUS_SCORE_MAX_MEAN,14,2
CLOSED_STATUS_SCORE_MEAN_MEAN,10,2
CLOSED_STATUS_SCORE_RECENT6_MEAN_MEAN,10,2
CLOSED_STATUS_SCORE_TREND_MEAN,32,2
CLOSED_STATUS_SCORE_TREND_MAX,27,2
PREV_AMT_ANNUITY_MIN,68,2
PREV_AMT_ANNUITY_MAX,44,2
PREV_AMT_ANNUITY_MEAN,84,2
PREV_AMT_APPLICATION_MIN,34,2
PREV_AMT_APPLICATION_MAX,19,2
PREV_AMT_APPLICATION_MEAN,49,2
PREV_AMT_CREDIT_MIN,31,2
PREV_AMT_CREDIT_MAX,47,2
PREV_AMT_CREDIT_MEAN,64,2
PREV_APP_CREDIT_PERC_MIN,77,2
PREV_APP_CREDIT_PERC_MAX,59,2
PREV_APP_CREDIT_PERC_MEAN,89,2
PREV_APP_CREDIT_PERC_VAR,113,2
PREV_AMT_DOWN_PAYMENT_MIN,35,2
PREV_AMT_DOWN_PAYMENT_MAX,60,2
PREV_AMT_DOWN_PAYMENT_MEAN,58,2
PREV_AMT_GOODS_PRICE_MIN,27,2
PREV_AMT_GOODS_PRICE_MAX,11,2
PREV_AMT_GOODS_PRICE_MEAN,52,2
PREV_HOUR_APPR_PROCESS_START_MIN,11,2
PREV_HOUR_APPR_PROCESS_START_MAX,21,2
PREV_HOUR_APPR_PROCESS_START_MEAN,93,2
PREV_RATE_DOWN_PAYMENT_MIN,36,2
PREV_RATE_DOWN_PAYMENT_MAX,48,2
PREV_RATE_DOWN_PAYMENT_MEAN,27,2
PREV_DAYS_DECISION_MIN,45,2
PREV_DAYS_DECISION_MAX,134,2
PREV_DAYS_DECISION_MEAN,61,2
PREV_CNT_PAYMENT_MEAN,134,2
PREV_CNT_PAYMENT_SUM,55,2
PREV_SK_ID_PREV_MEAN,71,2
PREV_NFLAG_LAST_APPL_IN_DAY_MEAN,0,2
PREV_RATE_INTEREST_PRIMARY_MEAN,7,2
PREV_RATE_INTEREST_PRIVILEGED_MEAN,1,2
PREV_SELLERPLACE_AREA_MEAN,73,2
PREV_DAYS_FIRST_DRAWING_MEAN,86,2
PREV_DAYS_FIRST_DUE_MEAN,46,2
PREV_DAYS_LAST_DUE_1ST_VERSION_MEAN,199,2
PREV_DAYS_LAST_DUE_MEAN,125,2
PREV_DAYS_TERMINATION_MEAN,68,2
PREV_NFLAG_INSURED_ON_APPROVAL_MEAN,11,2
PREV_NAME_CONTRACT_TYPE_Cash_loans_MEAN,11,2
PREV_NAME_CONTRACT_TYPE_Consumer_loans_MEAN,15,2
PREV_NAME_CONTRACT_TYPE_Revolving_loans_MEAN,19,2
PREV_NAME_CONTRACT_TYPE_XNA_MEAN,9,2
PREV_NAME_CONTRACT_TYPE_nan_MEAN,0,2
PREV_WEEKDAY_APPR_PROCESS_START_FRIDAY_MEAN,58,2
PREV_WEEKDAY_APPR_PROCESS_START_MONDAY_MEAN,50,2
PREV_WEEKDAY_APPR_PROCESS_START_SATURDAY_MEAN,32,2
PREV_WEEKDAY_APPR_PROCESS_START_SUNDAY_MEAN,44,2
PREV_WEEKDAY_APPR_PROCESS_START_THURSDAY_MEAN,60,2
PREV_WEEKDAY_APPR_PROCESS_START_TUESDAY_MEAN,45,2
PREV_WEEKDAY_APPR_PROCESS_START_WEDNESDAY_MEAN,38,2
PREV_WEEKDAY_APPR_PROCESS_START_nan_MEAN,0,2
PREV_FLAG_LAST_APPL_PER_CONTRACT_N_MEAN,0,2
PREV_FLAG_LAST_APPL_PER_CONTRACT_Y_MEAN,11,2
PREV_FLAG_LAST_APPL_PER_CONTRACT_nan_MEAN,0,2
PREV_NAME_CASH_LOAN_PURPOSE_Building_a_house_or_an_annex_MEAN,3,2
PREV_NAME_CASH_LOAN_PURPOSE_Business_development_MEAN,0,2
PREV_NAME_CASH_LOAN_PURPOSE_Buying_a_garage_MEAN,0,2
PREV_NAME_CASH_LOAN_PURPOSE_Buying_a_holiday_home_land_MEAN,0,2
PREV_NAME_CASH_LOAN_PURPOSE_Buying_a_home_MEAN,13,2
PREV_NAME_CASH_LOAN_PURPOSE_Buying_a_new_car_MEAN,0,2
PREV_NAME_CASH_LOAN_PURPOSE_Buying_a_used_car_MEAN,7,2
PREV_NAME_CASH_LOAN_PURPOSE_Car_repairs_MEAN,8,2
PREV_NAME_CASH_LOAN_PURPOSE_Education_MEAN,0,2
PREV_NAME_CASH_LOAN_PURPOSE_Everyday_expenses_MEAN,0,2
PREV_NAME_CASH_LOAN_PURPOSE_Furniture_MEAN,3,2
PREV_NAME_CASH_LOAN_PURPOSE_Gasification_water_supply_MEAN,18,2
PREV_NAME_CASH_LOAN_PURPOSE_Hobby_MEAN,0,2
PREV_NAME_CASH_LOAN_PURPOSE_Journey_MEAN,0,2
PREV_NAME_CASH_LOAN_PURPOSE_Medicine_MEAN,20,2
PREV_NAME_CASH_LOAN_PURPOSE_Money_for_a_third_person_MEAN,0,2
PREV_NAME_CASH_LOAN_PURPOSE_Other_MEAN,4,2
PREV_NAME_CASH_LOAN_PURPOSE_Payments_on_other_loans_MEAN,1,2
PREV_NAME_CASH_LOAN_PURPOSE_Purchase_of_electronic_equipment_MEAN,0,2
PREV_NAME_CASH_LOAN_PURPOSE_Refusal_to_name_the_goal_MEAN,0,2
PREV_NAME_CASH_LOAN_PURPOSE_Repairs_MEAN,8,2
PREV_NAME_CASH_LOAN_PURPOSE_Urgent_needs_MEAN,14,2
PREV_NAME_CASH_LOAN_PURPOSE_Wedding_gift_holiday_MEAN,0,2
PREV_NAME_CASH_LOAN_PURPOSE_XAP_MEAN,2,2
PREV_NAME_CASH_LOAN_PURPOSE_XNA_MEAN,20,2
PREV_NAME_CASH_LOAN_PURPOSE_nan_MEAN,0,2
PREV_NAME_CONTRACT_STATUS_Approved_MEAN,56,2
PREV_NAME_CONTRACT_STATUS_Canceled_MEAN,37,2
PREV_NAME_CONTRACT_STATUS_Refused_MEAN,90,2
PREV_NAME_CONTRACT_STATUS_Unused_offer_MEAN,0,2
PREV_NAME_CONTRACT_STATUS_nan_MEAN,0,2
PREV_NAME_PAYMENT_TYPE_Cash_through_the_bank_MEAN,24,2
PREV_NAME_PAYMENT_TYPE_Cashless_from_the_account_of_the_employer_MEAN,0,2
PREV_NAME_PAYMENT_TYPE_Non_cash_from_your_account_MEAN,5,2
PREV_NAME_PAYMENT_TYPE_XNA_MEAN,55,2
PREV_NAME_PAYMENT_TYPE_nan_MEAN,0,2
PREV_CODE_REJECT_REASON_CLIENT_MEAN,0,2
PREV_CODE_REJECT_REASON_HC_MEAN,35,2
PREV_CODE_REJECT_REASON_LIMIT_MEAN,13,2
PREV_CODE_REJECT_REASON_SCO_MEAN,60,2
PREV_CODE_REJECT_REASON_SCOFR_MEAN,20,2
PREV_CODE_REJECT_REASON_SYSTEM_MEAN,0,2
PREV_CODE_REJECT_REASON_VERIF_MEAN,14,2
PREV_CODE_REJECT_REASON_XAP_MEAN,29,2
PREV_CODE_REJECT_REASON_XNA_MEAN,2,2
PREV_CODE_REJECT_REASON_nan_MEAN,0,2
PREV_NAME_TYPE_SUITE_Children_MEAN,31,2
PREV_NAME_TYPE_SUITE_Family_MEAN,31,2
PREV_NAME_TYPE_SUITE_Group_of_people_MEAN,1,2
PREV_NAME_TYPE_SUITE_Other_A_MEAN,3,2
PREV_NAME_TYPE_SUITE_Other_B_MEAN,4,2
PREV_NAME_TYPE_SUITE_Spouse_partner_MEAN,7,2
PREV_NAME_TYPE_SUITE_Unaccompanied_MEAN,93,2
PREV_NAME_TYPE_SUITE_nan_MEAN,48,2
PREV_NAME_CLIENT_TYPE_New_MEAN,48,2
PREV_NAME_CLIENT_TYPE_Refreshed_MEAN,47,2
PREV_NAME_CLIENT_TYPE_Repeater_MEAN,18,2
PREV_NAME_CLIENT_TYPE_XNA_MEAN,9,2
PREV_NAME_CLIENT_TYPE_nan_MEAN,0,2
PREV_NAME_GOODS_CATEGORY_Additional_Service_MEAN,0,2
PREV_NAME_GOODS_CATEGORY_Animals_MEAN,0,2
PREV_NAME_GOODS_CATEGORY_Audio_Video_MEAN,42,2
PREV_NAME_GOODS_CATEGORY_Auto_Accessories_MEAN,1,2
PREV_NAME_GOODS_CATEGORY_Clothing_and_Accessories_MEAN,4,2
PREV_NAME_GOODS_CATEGORY_Computers_MEAN,16,2
PREV_NAME_GOODS_CATEGORY_Construction_Materials_MEAN,9,2
PREV_NAME_GOODS_CATEGORY_Consumer_Electronics_MEAN,46,2
PREV_NAME_GOODS_CATEGORY_Direct_Sales_MEAN,0,2
PREV_NAME_GOODS_CATEGORY_Education_MEAN,0,2
PREV_NAME_GOODS_CATEGORY_Fitness_MEAN,0,2
PREV_NAME_GOODS_CATEGORY_Furniture_MEAN,17,2
PREV_NAME_GOODS_CATEGORY_Gardening_MEAN,8,2
PREV_NAME_GOODS_CATEGORY_Homewares_MEAN,0,2
PREV_NAME_GOODS_CATEGORY_House_Construction_MEAN,0,2
PREV_NAME_GOODS_CATEGORY_Insurance_MEAN,0,2
PREV_NAME_GOODS_CATEGORY_Jewelry_MEAN,22,2
PREV_NAME_GOODS_CATEGORY_Medical_Supplies_MEAN,1,2
PREV_NAME_GOODS_CATEGORY_Medicine_MEAN,0,2
PREV_NAME_GOODS_CATEGORY_Mobile_MEAN,18,2
PREV_NAME_GOODS_CATEGORY_Office_Appliances_MEAN,1,2
PREV_NAME_GOODS_CATEGORY_Other_MEAN,4,2
PREV_NAME_GOODS_CATEGORY_Photo_Cinema_Equipment_MEAN,24,2
PREV_NAME_GOODS_CATEGORY_Sport_and_Leisure_MEAN,25,2
PREV_NAME_GOODS_CATEGORY_Tourism_MEAN,0,2
PREV_NAME_GOODS_CATEGORY_Vehicles_MEAN,1,2
PREV_NAME_GOODS_CATEGORY_Weapon_MEAN,0,2
PREV_NAME_GOODS_CATEGORY_XNA_MEAN,6,2
PREV_NAME_GOODS_CATEGORY_nan_MEAN,0,2
PREV_NAME_PORTFOLIO_Cards_MEAN,14,2
PREV_NAME_PORTFOLIO_Cars_MEAN,0,2
PREV_NAME_PORTFOLIO_Cash_MEAN,25,2
PREV_NAME_PORTFOLIO_POS_MEAN,25,2
PREV_NAME_PORTFOLIO_XNA_MEAN,29,2
PREV_NAME_PORTFOLIO_nan_MEAN,0,2
PREV_NAME_PRODUCT_TYPE_XNA_MEAN,24,2
PREV_NAME_PRODUCT_TYPE_walk_in_MEAN,34,2
PREV_NAME_PRODUCT_TYPE_x_sell_MEAN,37,2
PREV_NAME_PRODUCT_TYPE_nan_MEAN,0,2
PREV_CHANNEL_TYPE_AP_Cash_loan__MEAN,51,2
PREV_CHANNEL_TYPE_Car_dealer_MEAN,5,2
PREV_CHANNEL_TYPE_Channel_of_corporate_sales_MEAN,48,2
PREV_CHANNEL_TYPE_Contact_center_MEAN,62,2
PREV_CHANNEL_TYPE_Country_wide_MEAN,11,2
PREV_CHANNEL_TYPE_Credit_and_cash_offices_MEAN,69,2
PREV_CHANNEL_TYPE_Regional_Local_MEAN,20,2
PREV_CHANNEL_TYPE_Stone_MEAN,19,2
PREV_CHANNEL_TYPE_nan_MEAN,0,2
PREV_NAME_SELLER_INDUSTRY_Auto_technology_MEAN,8,2
PREV_NAME_SELLER_INDUSTRY_Clothing_MEAN,11,2
PREV_NAME_SELLER_INDUSTRY_Connectivity_MEAN,29,2
PREV_NAME_SELLER_INDUSTRY_Construction_MEAN,3,2
PREV_NAME_SELLER_INDUSTRY_Consumer_electronics_MEAN,27,2
PREV_NAME_SELLER_INDUSTRY_Furniture_MEAN,16,2
PREV_NAME_SELLER_INDUSTRY_Industry_MEAN,7,2
PREV_NAME_SELLER_INDUSTRY_Jewelry_MEAN,0,2
PREV_NAME_SELLER_INDUSTRY_MLM_partners_MEAN,0,2
PREV_NAME_SELLER_INDUSTRY_Tourism_MEAN,0,2
PREV_NAME_SELLER_INDUSTRY_XNA_MEAN,14,2
PREV_NAME_SELLER_INDUSTRY_nan_MEAN,0,2
PREV_NAME_YIELD_GROUP_XNA_MEAN,35,2
PREV_NAME_YIELD_GROUP_high_MEAN,105,2
PREV_NAME_YIELD_GROUP_low_action_MEAN,65,2
PREV_NAME_YIELD_GROUP_low_normal_MEAN,29,2
PREV_NAME_YIELD_GROUP_middle_MEAN,50,2
PREV_NAME_YIELD_GROUP_nan_MEAN,0,2
PREV_PRODUCT_COMBINATION_Card_Street_MEAN,16,2
PREV_PRODUCT_COMBINATION_Card_X_Sell_MEAN,13,2
PREV_PRODUCT_COMBINATION_Cash_MEAN,13,2
PREV_PRODUCT_COMBINATION_Cash_Street_high_MEAN,31,2
PREV_PRODUCT_COMBINATION_Cash_Street_low_MEAN,55,2
PREV_PRODUCT_COMBINATION_Cash_Street_middle_MEAN,4,2
PREV_PRODUCT_COMBINATION_Cash_X_Sell_high_MEAN,53,2
PREV_PRODUCT_COMBINATION_Cash_X_Sell_low_MEAN,71,2
PREV_PRODUCT_COMBINATION_Cash_X_Sell_middle_MEAN,16,2
PREV_PRODUCT_COMBINATION_POS_household_with_interest_MEAN,49,2
PREV_PRODUCT_COMBINATION_POS_household_without_interest_MEAN,17,2
PREV_PRODUCT_COMBINATION_POS_industry_with_interest_MEAN,25,2
PREV_PRODUCT_COMBINATION_POS_industry_without_interest_MEAN,11,2
PREV_PRODUCT_COMBINATION_POS_mobile_with_interest_MEAN,15,2
PREV_PRODUCT_COMBINATION_POS_mobile_without_interest_MEAN,6,2
PREV_PRODUCT_COMBINATION_POS_other_with_interest_MEAN,2,2
PREV_PRODUCT_COMBINATION_POS_others_without_interest_MEAN,3,2
PREV_PRODUCT_COMBINATION_nan_MEAN,1,2
APPROVED_AMT_ANNUITY_MIN,60,2
APPROVED_AMT_ANNUITY_MAX,33,2
APPROVED_AMT_ANNUITY_MEAN,106,2
APPROVED_AMT_APPLICATION_MIN,53,2
APPROVED_AMT_APPLICATION_MAX,41,2
APPROVED_AMT_APPLICATION_MEAN,24,2
APPROVED_AMT_CREDIT_MIN,65,2
APPROVED_AMT_CREDIT_MAX,85,2
APPROVED_AMT_CREDIT_MEAN,46,2
APPROVED_APP_CREDIT_PERC_MIN,71,2
APPROVED_APP_CREDIT_PERC_MAX,49,2
APPROVED_APP_CREDIT_PERC_MEAN,98,2
APPROVED_APP_CREDIT_PERC_VAR,109,2
APPROVED_AMT_DOWN_PAYMENT_MIN,30,2
APPROVED_AMT_DOWN_PAYMENT_MAX,93,2
APPROVED_AMT_DOWN_PAYMENT_MEAN,43,2
APPROVED_AMT_GOODS_PRICE_MIN,69,2
APPROVED_AMT_GOODS_PRICE_MAX,19,2
APPROVED_AMT_GOODS_PRICE_MEAN,29,2
APPROVED_HOUR_APPR_PROCESS_START_MIN,21,2
APPROVED_HOUR_APPR_PROCESS_START_MAX,47,2
APPROVED_HOUR_APPR_PROCESS_START_MEAN,51,2
APPROVED_RATE_DOWN_PAYMENT_MIN,17,2
APPROVED_RATE_DOWN_PAYMENT_MAX,29,2
APPROVED_RATE_DOWN_PAYMENT_MEAN,15,2
APPROVED_DAYS_DECISION_MIN,54,2
APPROVED_DAYS_DECISION_MAX,133,2
APPROVED_DAYS_DECISION_MEAN,58,2
APPROVED_CNT_PAYMENT_MEAN,143,2
APPROVED_CNT_PAYMENT_SUM,145,2
REFUSED_AMT_ANNUITY_MIN,49,2
REFUSED_AMT_ANNUITY_MAX,35,2
REFUSED_AMT_ANNUITY_MEAN,23,2
REFUSED_AMT_APPLICATION_MIN,43,2
REFUSED_AMT_APPLICATION_MAX,18,2
REFUSED_AMT_APPLICATION_MEAN,18,2
REFUSED_AMT_CREDIT_MIN,62,2
REFUSED_AMT_CREDIT_MAX,17,2
REFUSED_AMT_CREDIT_MEAN,21,2
REFUSED_APP_CREDIT_PERC_MIN,45,2
REFUSED_APP_CREDIT_PERC_MAX,27,2
REFUSED_APP_CREDIT_PERC_MEAN,33,2
REFUSED_APP_CREDIT_PERC_VAR,42,2
REFUSED_AMT_DOWN_PAYMENT_MIN,7,2
REFUSED_AMT_DOWN_PAYMENT_MAX,25,2
REFUSED_AMT_DOWN_PAYMENT_MEAN,9,2
REFUSED_AMT_GOODS_PRICE_MIN,44,2
REFUSED_AMT_GOODS_PRICE_MAX,17,2
REFUSED_AMT_GOODS_PRICE_MEAN,64,2
REFUSED_HOUR_APPR_PROCESS_START_MIN,39,2
REFUSED_HOUR_APPR_PROCESS_START_MAX,35,2
REFUSED_HOUR_APPR_PROCESS_START_MEAN,46,2
REFUSED_RATE_DOWN_PAYMENT_MIN,10,2
REFUSED_RATE_DOWN_PAYMENT_MAX,23,2
REFUSED_RATE_DOWN_PAYMENT_MEAN,16,2
REFUSED_DAYS_DECISION_MIN,28,2
REFUSED_DAYS_DECISION_MAX,74,2
REFUSED_DAYS_DECISION_MEAN,48,2
REFUSED_CNT_PAYMENT_MEAN,33,2
REFUSED_CNT_PAYMENT_SUM,11,2
POS_MONTHS_BALANCE_MAX,90,2
POS_MONTHS_BALANCE_MEAN,88,2
POS_MONTHS_BALANCE_SIZE,112,2
POS_SK_DPD_MAX,23,2
POS_SK_DPD_MEAN,48,2
POS_SK_DPD_DEF_MAX,42,2
POS_SK_DPD_DEF_MEAN,97,2
POS_SK_ID_PREV_MEAN,86,2
POS_CNT_INSTALMENT_MEAN,75,2
POS_CNT_INSTALMENT_FUTURE_MEAN,243,2
POS_NAME_CONTRACT_STATUS_Active_MEAN,92,2
POS_NAME_CONTRACT_STATUS_Amortized_debt_MEAN,0,2
POS_NAME_CONTRACT_STATUS_Approved_MEAN,2,2
POS_NAME_CONTRACT_STATUS_Canceled_MEAN,0,2
POS_NAME_CONTRACT_STATUS_Completed_MEAN,67,2
POS_NAME_CONTRACT_STATUS_Demand_MEAN,0,2
POS_NAME_CONTRACT_STATUS_Returned_to_the_store_MEAN,29,2
POS_NAME_CONTRACT_STATUS_Signed_MEAN,48,2
POS_NAME_CONTRACT_STATUS_XNA_MEAN,0,2
POS_NAME_CONTRACT_STATUS_nan_MEAN,0,2
POS_COUNT,26,2
INSTAL_NUM_INSTALMENT_VERSION_NUNIQUE,54,2
INSTAL_DPD_MAX,55,2
INSTAL_DPD_MEAN,170,2
INSTAL_DPD_SUM,52,2
INSTAL_DBD_MAX,149,2
INSTAL_DBD_MEAN,95,2
INSTAL_DBD_SUM,153,2
INSTAL_PAYMENT_PERC_MAX,10,2
INSTAL_PAYMENT_PERC_MEAN,92,2
INSTAL_PAYMENT_PERC_SUM,51,2
INSTAL_PAYMENT_PERC_VAR,54,2
INSTAL_PAYMENT_DIFF_MAX,124,2
INSTAL_PAYMENT_DIFF_MEAN,127,2
INSTAL_PAYMENT_DIFF_SUM,83,2
INSTAL_PAYMENT_DIFF_VAR,32,2
INSTAL_AMT_INSTALMENT_MAX,111,2
INSTAL_AMT_INSTALMENT_MEAN,69,2
INSTAL_AMT_INSTALMENT_SUM,96,2
INSTAL_AMT_PAYMENT_MIN,99,2
INSTAL_AMT_PAYMENT_MAX,69,2
INSTAL_AMT_PAYMENT_MEAN,116,2
INSTAL_AMT_PAYMENT_SUM,217,2
INSTAL_DAYS_ENTRY_PAYMENT_MAX,230,2
INSTAL_DAYS_ENTRY_PAYMENT_MEAN,70,2
INSTAL_DAYS_ENTRY_PAYMENT_SUM,72,2
INSTAL_SK_ID_PREV_MEAN,85,2
INSTAL_NUM_INSTALMENT_NUMBER_MEAN,122,2
INSTAL_DAYS_INSTALMENT_MEAN,43,2
INSTAL_COUNT,51,2
CC_MONTHS_BALANCE_MIN,7,2
CC_MONTHS_BALANCE_MAX,0,2
CC_MONTHS_BALANCE_MEAN,17,2
CC_MONTHS_BALANCE_SUM,6,2
CC_MONTHS_BALANCE_VAR,6,2
CC_AMT_BALANCE_MIN,7,2
CC_AMT_BALANCE_MAX,15,2
CC_AMT_BALANCE_MEAN,14,2
CC_AMT_BALANCE_SUM,2,2
CC_AMT_BALANCE_VAR,33,2
CC_AMT_CREDIT_LIMIT_ACTUAL_MIN,10,2
CC_AMT_CREDIT_LIMIT_ACTUAL_MAX,11,2
CC_AMT_CREDIT_LIMIT_ACTUAL_MEAN,94,2
CC_AMT_CREDIT_LIMIT_ACTUAL_SUM,36,2
CC_AMT_CREDIT_LIMIT_ACTUAL_VAR,29,2
CC_AMT_DRAWINGS_ATM_CURRENT_MIN,8,2
CC_AMT_DRAWINGS_ATM_CURRENT_MAX,33,2
CC_AMT_DRAWINGS_ATM_CURRENT_MEAN,34,2
CC_AMT_DRAWINGS_ATM_CURRENT_SUM,8,2
CC_AMT_DRAWINGS_ATM_CURRENT_VAR,19,2
CC_AMT_DRAWINGS_CURRENT_MIN,14,2
CC_AMT_DRAWINGS_CURRENT_MAX,15,2
CC_AMT_DRAWINGS_CURRENT_MEAN,15,2
CC_AMT_DRAWINGS_CURRENT_SUM,14,2
CC_AMT_DRAWINGS_CURRENT_VAR,9,2
CC_AMT_DRAWINGS_OTHER_CURRENT_MIN,0,2
CC_AMT_DRAWINGS_OTHER_CURRENT_MAX,11,2
CC_AMT_DRAWINGS_OTHER_CURRENT_MEAN,5,2
CC_AMT_DRAWINGS_OTHER_CURRENT_SUM,4,2
CC_AMT_DRAWINGS_OTHER_CURRENT_VAR,6,2
CC_AMT_DRAWINGS_POS_CURRENT_MIN,4,2
CC_AMT_DRAWINGS_POS_CURRENT_MAX,15,2
CC_AMT_DRAWINGS_POS_CURRENT_MEAN,9,2
CC_AMT_DRAWINGS_POS_CURRENT_SUM,28,2
CC_AMT_DRAWINGS_POS_CURRENT_VAR,44,2
CC_AMT_INST_MIN_REGULARITY_MIN,15,2
CC_AMT_INST_MIN_REGULARITY_MAX,2,2
CC_AMT_INST_MIN_REGULARITY_MEAN,7,2
CC_AMT_INST_MIN_REGULARITY_SUM,20,2
CC_AMT_INST_MIN_REGULARITY_VAR,39,2
CC_AMT_PAYMENT_CURRENT_MIN,33,2
CC_AMT_PAYMENT_CURRENT_MAX,28,2
CC_AMT_PAYMENT_CURRENT_MEAN,75,2
CC_AMT_PAYMENT_CURRENT_SUM,32,2
CC_AMT_PAYMENT_CURRENT_VAR,44,2
CC_AMT_PAYMENT_TOTAL_CURRENT_MIN,0,2
CC_AMT_PAYMENT_TOTAL_CURRENT_MAX,7,2
CC_AMT_PAYMENT_TOTAL_CURRENT_MEAN,38,2
CC_AMT_PAYMENT_TOTAL_CURRENT_SUM,19,2
CC_AMT_PAYMENT_TOTAL_CURRENT_VAR,20,2
CC_AMT_RECEIVABLE_PRINCIPAL_MIN,10,2
CC_AMT_RECEIVABLE_PRINCIPAL_MAX,13,2
CC_AMT_RECEIVABLE_PRINCIPAL_MEAN,30,2
CC_AMT_RECEIVABLE_PRINCIPAL_SUM,13,2
CC_AMT_RECEIVABLE_PRINCIPAL_VAR,13,2
CC_AMT_RECIVABLE_MIN,18,2
CC_AMT_RECIVABLE_MAX,6,2
CC_AMT_RECIVABLE_MEAN,15,2
CC_AMT_RECIVABLE_SUM,15,2
CC_AMT_RECIVABLE_VAR,10,2
CC_AMT_TOTAL_RECEIVABLE_MIN,10,2
CC_AMT_TOTAL_RECEIVABLE_MAX,15,2
CC_AMT_TOTAL_RECEIVABLE_MEAN,4,2
CC_AMT_TOTAL_RECEIVABLE_SUM,8,2
CC_AMT_TOTAL_RECEIVABLE_VAR,3,2
CC_CNT_DRAWINGS_ATM_CURRENT_MIN,2,2
CC_CNT_DRAWINGS_ATM_CURRENT_MAX,23,2
CC_CNT_DRAWINGS_ATM_CURRENT_MEAN,75,2
CC_CNT_DRAWINGS_ATM_CURRENT_SUM,6,2
CC_CNT_DRAWINGS_ATM_CURRENT_VAR,48,2
CC_CNT_DRAWINGS_CURRENT_MIN,10,2
CC_CNT_DRAWINGS_CURRENT_MAX,24,2
CC_CNT_DRAWINGS_CURRENT_MEAN,37,2
CC_CNT_DRAWINGS_CURRENT_SUM,24,2
CC_CNT_DRAWINGS_CURRENT_VAR,76,2
CC_CNT_DRAWINGS_OTHER_CURRENT_MIN,0,2
CC_CNT_DRAWINGS_OTHER_CURRENT_MAX,3,2
CC_CNT_DRAWINGS_OTHER_CURRENT_MEAN,8,2
CC_CNT_DRAWINGS_OTHER_CURRENT_SUM,1,2
CC_CNT_DRAWINGS_OTHER_CURRENT_VAR,6,2
CC_CNT_DRAWINGS_POS_CURRENT_MIN,19,2
CC_CNT_DRAWINGS_POS_CURRENT_MAX,22,2
CC_CNT_DRAWINGS_POS_CURRENT_MEAN,20,2
CC_CNT_DRAWINGS_POS_CURRENT_SUM,16,2
CC_CNT_DRAWINGS_POS_CURRENT_VAR,17,2
CC_CNT_INSTALMENT_MATURE_CUM_MIN,1,2
CC_CNT_INSTALMENT_MATURE_CUM_MAX,7,2
CC_CNT_INSTALMENT_MATURE_CUM_MEAN,9,2
CC_CNT_INSTALMENT_MATURE_CUM_SUM,9,2
CC_CNT_INSTALMENT_MATURE_CUM_VAR,6,2
CC_SK_DPD_MIN,0,2
CC_SK_DPD_MAX,1,2
CC_SK_DPD_MEAN,0,2
CC_SK_DPD_SUM,22,2
CC_SK_DPD_VAR,7,2
CC_SK_DPD_DEF_MIN,0,2
CC_SK_DPD_DEF_MAX,0,2
CC_SK_DPD_DEF_MEAN,38,2
CC_SK_DPD_DEF_SUM,0,2
CC_SK_DPD_DEF_VAR,12,2
CC_NAME_CONTRACT_STATUS_Active_MIN,1,2
CC_NAME_CONTRACT_STATUS_Active_MAX,0,2
CC_NAME_CONTRACT_STATUS_Active_MEAN,13,2
CC_NAME_CONTRACT_STATUS_Active_SUM,10,2
CC_NAME_CONTRACT_STATUS_Active_VAR,9,2
CC_NAME_CONTRACT_STATUS_Approved_MIN,0,2
CC_NAME_CONTRACT_STATUS_Approved_MAX,0,2
CC_NAME_CONTRACT_STATUS_Approved_MEAN,0,2
CC_NAME_CONTRACT_STATUS_Approved_SUM,0,2
CC_NAME_CONTRACT_STATUS_Approved_VAR,0,2
CC_NAME_CONTRACT_STATUS_Completed_MIN,0,2
CC_NAME_CONTRACT_STATUS_Completed_MAX,0,2
CC_NAME_CONTRACT_STATUS_Completed_MEAN,19,2
CC_NAME_CONTRACT_STATUS_Completed_SUM,2,2
CC_NAME_CONTRACT_STATUS_Completed_VAR,0,2
CC_NAME_CONTRACT_STATUS_Demand_MIN,0,2
CC_NAME_CONTRACT_STATUS_Demand_MAX,0,2
CC_NAME_CONTRACT_STATUS_Demand_MEAN,0,2
CC_NAME_CONTRACT_STATUS_Demand_SUM,0,2
CC_NAME_CONTRACT_STATUS_Demand_VAR,0,2
CC_NAME_CONTRACT_STATUS_Refused_MIN,0,2
CC_NAME_CONTRACT_STATUS_Refused_MAX,0,2
CC_NAME_CONTRACT_STATUS_Refused_MEAN,0,2
CC_NAME_CONTRACT_STATUS_Refused_SUM,0,2
CC_NAME_CONTRACT_STATUS_Refused_VAR,0,2
CC_NAME_CONTRACT_STATUS_Sent_proposal_MIN,0,2
CC_NAME_CONTRACT_STATUS_Sent_proposal_MAX,0,2
CC_NAME_CONTRACT_STATUS_Sent_proposal_MEAN,5,2
CC_NAME_CONTRACT_STATUS_Sent_proposal_SUM,0,2
CC_NAME_CONTRACT_STATUS_Sent_proposal_VAR,2,2
CC_NAME_CONTRACT_STATUS_Signed_MIN,0,2
CC_NAME_CONTRACT_STATUS_Signed_MAX,0,2
CC_NAME_CONTRACT_STATUS_Signed_MEAN,3,2
CC_NAME_CONTRACT_STATUS_Signed_SUM,0,2
CC_NAME_CONTRACT_STATUS_Signed_VAR,5,2
CC_NAME_CONTRACT_STATUS_nan_MIN,0,2
CC_NAME_CONTRACT_STATUS_nan_MAX,0,2
CC_NAME_CONTRACT_STATUS_nan_MEAN,0,2
CC_NAME_CONTRACT_STATUS_nan_SUM,0,2
CC_NAME_CONTRACT_STATUS_nan_VAR,0,2
CC_COUNT,3,2
DEBT_INCOME_RATIO,122,2
CURR_PREV_CREDIT_RATIO,111,2
CREDIT_GOODS_PRICE_RATIO,301,2
COMBINED_DPD_MEAN,123,2
CC_UTILIZATION_INCOME,36,2
CODE_GENDER,103,3
FLAG_OWN_CAR,3,3
FLAG_OWN_REALTY,5,3
CNT_CHILDREN,16,3
AMT_INCOME_TOTAL,88,3
AMT_CREDIT,121,3
AMT_ANNUITY,303,3
AMT_GOODS_PRICE,206,3
REGION_POPULATION_RELATIVE,247,3
DAYS_BIRTH,413,3
DAYS_EMPLOYED,234,3
DAYS_REGISTRATION,188,3
DAYS_ID_PUBLISH,219,3
OWN_CAR_AGE,168,3
FLAG_MOBIL,0,3
FLAG_EMP_PHONE,1,3
FLAG_WORK_PHONE,71,3
FLAG_CONT_MOBILE,0,3
FLAG_PHONE,33,3
FLAG_EMAIL,4,3
CNT_FAM_MEMBERS,9,3
REGION_RATING_CLIENT,5,3
REGION_RATING_CLIENT_W_CITY,73,3
HOUR_APPR_PROCESS_START,58,3
REG_REGION_NOT_LIVE_REGION,3,3
REG_REGION_NOT_WORK_REGION,5,3
LIVE_REGION_NOT_WORK_REGION,5,3
REG_CITY_NOT_LIVE_CITY,39,3
REG_CITY_NOT_WORK_CITY,5,3
LIVE_CITY_NOT_WORK_CITY,5,3
EXT_SOURCE_1,532,3
EXT_SOURCE_2,474,3
EXT_SOURCE_3,593,3
APARTMENTS_AVG,41,3
BASEMENTAREA_AVG,24,3
YEARS_BEGINEXPLUATATION_AVG,29,3
YEARS_BUILD_AVG,24,3
COMMONAREA_AVG,14,3
ELEVATORS_AVG,8,3
ENTRANCES_AVG,14,3
FLOORSMAX_AVG,26,3
FLOORSMIN_AVG,14,3
LANDAREA_AVG,16,3
LIVINGAPARTMENTS_AVG,24,3
LIVINGAREA_AVG,30,3
NONLIVINGAPARTMENTS_AVG,13,3
NONLIVINGAREA_AVG,36,3
APARTMENTS_MODE,42,3
BASEMENTAREA_MODE,24,3
YEARS_BEGINEXPLUATATION_MODE,38,3
YEARS_BUILD_MODE,27,3
COMMONAREA_MODE,31,3
ELEVATORS_MODE,4,3
ENTRANCES_MODE,15,3
FLOORSMAX_MODE,8,3
FLOORSMIN_MODE,27,3
LANDAREA_MODE,27,3
LIVINGAPARTMENTS_MODE,29,3
LIVINGAREA_MODE,27,3
NONLIVINGAPARTMENTS_MODE,16,3
NONLIVINGAREA_MODE,15,3
APARTMENTS_MEDI,36,3
BASEMENTAREA_MEDI,34,3
YEARS_BEGINEXPLUATATION_MEDI,51,3
YEARS_BUILD_MEDI,7,3
COMMONAREA_MEDI,27,3
ELEVATORS_MEDI,0,3
ENTRANCES_MEDI,37,3
FLOORSMAX_MEDI,8,3
FLOORSMIN_MEDI,9,3
LANDAREA_MEDI,36,3
LIVINGAPARTMENTS_MEDI,22,3
LIVINGAREA_MEDI,13,3
NONLIVINGAPARTMENTS_MEDI,9,3
NONLIVINGAREA_MEDI,22,3
TOTALAREA_MODE,72,3
OBS_30_CNT_SOCIAL_CIRCLE,22,3
DEF_30_CNT_SOCIAL_CIRCLE,39,3
OBS_60_CNT_SOCIAL_CIRCLE,28,3
DEF_60_CNT_SOCIAL_CIRCLE,48,3
DAYS_LAST_PHONE_CHANGE,147,3
FLAG_DOCUMENT_2,0,3
FLAG_DOCUMENT_3,45,3
FLAG_DOCUMENT_4,0,3
FLAG_DOCUMENT_5,0,3
FLAG_DOCUMENT_6,4,3
FLAG_DOCUMENT_7,0,3
FLAG_DOCUMENT_8,6,3
FLAG_DOCUMENT_9,0,3
FLAG_DOCUMENT_10,0,3
FLAG_DOCUMENT_11,0,3
FLAG_DOCUMENT_12,0,3
FLAG_DOCUMENT_13,8,3
FLAG_DOCUMENT_14,4,3
FLAG_DOCUMENT_15,12,3
FLAG_DOCUMENT_16,33,3
FLAG_DOCUMENT_17,0,3
FLAG_DOCUMENT_18,27,3
FLAG_DOCUMENT_19,0,3
FLAG_DOCUMENT_20,0,3
FLAG_DOCUMENT_21,0,3
AMT_REQ_CREDIT_BUREAU_HOUR,0,3
AMT_REQ_CREDIT_BUREAU_DAY,10,3
AMT_REQ_CREDIT_BUREAU_WEEK,9,3
AMT_REQ_CREDIT_BUREAU_MON,10,3
AMT_REQ_CREDIT_BUREAU_QRT,43,3
AMT_REQ_CREDIT_BUREAU_YEAR,33,3
NAME_CONTRACT_TYPE_Cash_loans,25,3
NAME_CONTRACT_TYPE_Revolving_loans,1,3
NAME_TYPE_SUITE_Children,0,3
NAME_TYPE_SUITE_Family,0,3
NAME_TYPE_SUITE_Group_of_people,0,3
NAME_TYPE_SUITE_Other_A,0,3
NAME_TYPE_SUITE_Other_B,13,3
NAME_TYPE_SUITE_Spouse_partner,14,3
NAME_TYPE_SUITE_Unaccompanied,3,3
NAME_INCOME_TYPE_Businessman,0,3
NAME_INCOME_TYPE_Commercial_associate,12,3
NAME_INCOME_TYPE_Maternity_leave,0,3
NAME_INCOME_TYPE_Pensioner,0,3
NAME_INCOME_TYPE_State_servant,26,3
NAME_INCOME_TYPE_Student,0,3
NAME_INCOME_TYPE_Unemployed,0,3
NAME_INCOME_TYPE_Working,16,3
NAME_EDUCATION_TYPE_Academic_degree,0,3
NAME_EDUCATION_TYPE_Higher_education,35,3
NAME_EDUCATION_TYPE_Incomplete_higher,9,3
NAME_EDUCATION_TYPE_Lower_secondary,17,3
NAME_EDUCATION_TYPE_Secondary_secondary_special,29,3
NAME_FAMILY_STATUS_Civil_marriage,1,3
NAME_FAMILY_STATUS_Married,90,3
NAME_FAMILY_STATUS_Separated,5,3
NAME_FAMILY_STATUS_Single_not_married,4,3
NAME_FAMILY_STATUS_Unknown,0,3
NAME_FAMILY_STATUS_Widow,2,3
NAME_HOUSING_TYPE_Co_op_apartment,0,3
NAME_HOUSING_TYPE_House_apartment,14,3
NAME_HOUSING_TYPE_Municipal_apartment,0,3
NAME_HOUSING_TYPE_Office_apartment,22,3
NAME_HOUSING_TYPE_Rented_apartment,0,3
NAME_HOUSING_TYPE_With_parents,5,3
OCCUPATION_TYPE_Accountants,27,3
OCCUPATION_TYPE_Cleaning_staff,0,3
OCCUPATION_TYPE_Cooking_staff,0,3
OCCUPATION_TYPE_Core_staff,18,3
OCCUPATION_TYPE_Drivers,35,3
OCCUPATION_TYPE_HR_staff,0,3
OCCUPATION_TYPE_High_skill_tech_staff,16,3
OCCUPATION_TYPE_IT_staff,0,3
OCCUPATION_TYPE_Laborers,22,3
OCCUPATION_TYPE_Low_skill_Laborers,14,3
OCCUPATION_TYPE_Managers,0,3
OCCUPATION_TYPE_Medicine_staff,14,3
OCCUPATION_TYPE_Private_service_staff,0,3
OCCUPATION_TYPE_Realty_agents,0,3
OCCUPATION_TYPE_Sales_staff,9,3
OCCUPATION_TYPE_Secretaries,0,3
OCCUPATION_TYPE_Security_staff,0,3
OCCUPATION_TYPE_Waiters_barmen_staff,2,3
WEEKDAY_APPR_PROCESS_START_FRIDAY,12,3
WEEKDAY_APPR_PROCESS_START_MONDAY,11,3
WEEKDAY_APPR_PROCESS_START_SATURDAY,2,3
WEEKDAY_APPR_PROCESS_START_SUNDAY,1,3
WEEKDAY_APPR_PROCESS_START_THURSDAY,4,3
WEEKDAY_APPR_PROCESS_START_TUESDAY,20,3
WEEKDAY_APPR_PROCESS_START_WEDNESDAY,18,3
ORGANIZATION_TYPE_Advertising,0,3
ORGANIZATION_TYPE_Agriculture,0,3
ORGANIZATION_TYPE_Bank,21,3
ORGANIZATION_TYPE_Business_Entity_Type_1,3,3
ORGANIZATION_TYPE_Business_Entity_Type_2,0,3
ORGANIZATION_TYPE_Business_Entity_Type_3,37,3
ORGANIZATION_TYPE_Cleaning,0,3
ORGANIZATION_TYPE_Construction,29,3
ORGANIZATION_TYPE_Culture,0,3
ORGANIZATION_TYPE_Electricity,0,3
ORGANIZATION_TYPE_Emergency,0,3
ORGANIZATION_TYPE_Government,0,3
ORGANIZATION_TYPE_Hotel,9,3
ORGANIZATION_TYPE_Housing,0,3
ORGANIZATION_TYPE_Industry_type_1,0,3
ORGANIZATION_TYPE_Industry_type_10,0,3
ORGANIZATION_TYPE_Industry_type_11,0,3
ORGANIZATION_TYPE_Industry_type_12,0,3
ORGANIZATION_TYPE_Industry_type_13,0,3
ORGANIZATION_TYPE_Industry_type_2,0,3
ORGANIZATION_TYPE_Industry_type_3,0,3
ORGANIZATION_TYPE_Industry_type_4,0,3
ORGANIZATION_TYPE_Industry_type_5,1,3
ORGANIZATION_TYPE_Industry_type_6,0,3
ORGANIZATION_TYPE_Industry_type_7,0,3
ORGANIZATION_TYPE_Industry_type_8,0,3
ORGANIZATION_TYPE_Industry_type_9,35,3
ORGANIZATION_TYPE_Insurance,0,3
ORGANIZATION_TYPE_Kindergarten,16,3
ORGANIZATION_TYPE_Legal_Services,9,3
ORGANIZATION_TYPE_Medicine,13,3
ORGANIZATION_TYPE_Military,36,3
ORGANIZATION_TYPE_Mobile,0,3
ORGANIZATION_TYPE_Other,3,3
ORGANIZATION_TYPE_Police,25,3
ORGANIZATION_TYPE_Postal,0,3
ORGANIZATION_TYPE_Realtor,22,3
ORGANIZATION_TYPE_Religion,0,3
ORGANIZATION_TYPE_Restaurant,10,3
ORGANIZATION_TYPE_School,24,3
ORGANIZATION_TYPE_Security,0,3
ORGANIZATION_TYPE_Security_Ministries,13,3
ORGANIZATION_TYPE_Self_employed,42,3
ORGANIZATION_TYPE_Services,0,3
ORGANIZATION_TYPE_Telecom,0,3
ORGANIZATION_TYPE_Trade_type_1,0,3
ORGANIZATION_TYPE_Trade_type_2,7,3
ORGANIZATION_TYPE_Trade_type_3,0,3
ORGANIZATION_TYPE_Trade_type_4,0,3
ORGANIZATION_TYPE_Trade_type_5,0,3
ORGANIZATION_TYPE_Trade_type_6,4,3
ORGANIZATION_TYPE_Trade_type_7,0,3
ORGANIZATION_TYPE_Transport_type_1,0,3
ORGANIZATION_TYPE_Transport_type_2,0,3
ORGANIZATION_TYPE_Transport_type_3,27,3
ORGANIZATION_TYPE_Transport_type_4,10,3
ORGANIZATION_TYPE_University,0,3
ORGANIZATION_TYPE_XNA,0,3
FONDKAPREMONT_MODE_not_specified,5,3
FONDKAPREMONT_MODE_org_spec_account,0,3
FONDKAPREMONT_MODE_reg_oper_account,0,3
FONDKAPREMONT_MODE_reg_oper_spec_account,0,3
HOUSETYPE_MODE_block_of_flats,0,3
HOUSETYPE_MODE_specific_housing,10,3
HOUSETYPE_MODE_terraced_house,0,3
WALLSMATERIAL_MODE_Block,1,3
WALLSMATERIAL_MODE_Mixed,0,3
WALLSMATERIAL_MODE_Monolithic,0,3
WALLSMATERIAL_MODE_Others,14,3
WALLSMATERIAL_MODE_Panel,4,3
WALLSMATERIAL_MODE_Stone_brick,27,3
WALLSMATERIAL_MODE_Wooden,0,3
EMERGENCYSTATE_MODE_No,0,3
EMERGENCYSTATE_MODE_Yes,0,3
DAYS_EMPLOYED_PERC,245,3
INCOME_CREDIT_PERC,151,3
INCOME_PER_PERSON,83,3
ANNUITY_INCOME_PERC,189,3
PAYMENT_RATE,495,3
BURO_DAYS_CREDIT_MIN,111,3
BURO_DAYS_CREDIT_MAX,140,3
BURO_DAYS_CREDIT_MEAN,120,3
BURO_DAYS_CREDIT_VAR,97,3
BURO_DAYS_CREDIT_ENDDATE_MIN,56,3
BURO_DAYS_CREDIT_ENDDATE_MAX,137,3
BURO_DAYS_CREDIT_ENDDATE_MEAN,82,3
BURO_DAYS_CREDIT_UPDATE_MEAN,66,3
BURO_CREDIT_DAY_OVERDUE_MAX,11,3
BURO_CREDIT_DAY_OVERDUE_MEAN,3,3
BURO_AMT_CREDIT_MAX_OVERDUE_MEAN,186,3
BURO_AMT_CREDIT_SUM_MAX,139,3
BURO_AMT_CREDIT_SUM_MEAN,118,3
BURO_AMT_CREDIT_SUM_SUM,103,3
BURO_AMT_CREDIT_SUM_DEBT_MAX,45,3
BURO_AMT_CREDIT_SUM_DEBT_MEAN,102,3
BURO_AMT_CREDIT_SUM_DEBT_SUM,51,3
BURO_AMT_CREDIT_SUM_OVERDUE_MEAN,22,3
BURO_AMT_CREDIT_SUM_LIMIT_MEAN,63,3
BURO_AMT_CREDIT_SUM_LIMIT_SUM,35,3
BURO_AMT_ANNUITY_MAX,13,3
BURO_AMT_ANNUITY_MEAN,41,3
BURO_CNT_CREDIT_PROLONG_SUM,11,3
BURO_MONTHS_BALANCE_MIN_MIN,32,3
BURO_MONTHS_BALANCE_MAX_MAX,10,3
BURO_MONTHS_BALANCE_SIZE_MEAN,33,3
BURO_MONTHS_BALANCE_SIZE_SUM,38,3
BURO_STATUS_SCORE_MAX_MAX,0,3
BURO_STATUS_SCORE_MAX_MEAN,25,3
BURO_STATUS_SCORE_MEAN_MEAN,12,3
BURO_STATUS_SCORE_RECENT6_MEAN_MEAN,14,3
BURO_STATUS_SCORE_TREND_MEAN,29,3
BURO_STATUS_SCORE_TREND_MAX,23,3
BURO_DAYS_ENDDATE_FACT_MEAN,72,3
BURO_CREDIT_ACTIVE_Active_MEAN,43,3
BURO_CREDIT_ACTIVE_Bad_debt_MEAN,0,3
BURO_CREDIT_ACTIVE_Closed_MEAN,43,3
BURO_CREDIT_ACTIVE_Sold_MEAN,20,3
BURO_CREDIT_ACTIVE_nan_MEAN,0,3
BURO_CREDIT_CURRENCY_currency_1_MEAN,2,3
BURO_CREDIT_CURRENCY_currency_2_MEAN,0,3
BURO_CREDIT_CURRENCY_currency_3_MEAN,0,3
BURO_CREDIT_CURRENCY_currency_4_MEAN,0,3
BURO_CREDIT_CURRENCY_nan_MEAN,0,3
BURO_CREDIT_TYPE_Another_type_of_loan_MEAN,30,3
BURO_CREDIT_TYPE_Car_loan_MEAN,42,3
BURO_CREDIT_TYPE_Cash_loan_non_earmarked__MEAN,0,3
BURO_CREDIT_TYPE_Consumer_credit_MEAN,53,3
BURO_CREDIT_TYPE_Credit_card_MEAN,73,3
BURO_CREDIT_TYPE_Interbank_credit_MEAN,0,3
BURO_CREDIT_TYPE_Loan_for_business_development_MEAN,0,3
BURO_CREDIT_TYPE_Loan_for_purchase_of_shares_margin_lending__MEAN,0,3
BURO_CREDIT_TYPE_Loan_for_the_purchase_of_equipment_MEAN,0,3
BURO_CREDIT_TYPE_Loan_for_working_capital_replenishment_MEAN,0,3
BURO_CREDIT_TYPE_Microloan_MEAN,75,3
BURO_CREDIT_TYPE_Mobile_operator_loan_MEAN,0,3
BURO_CREDIT_TYPE_Mortgage_MEAN,58,3
BURO_CREDIT_TYPE_Real_estate_loan_MEAN,0,3
BURO_CREDIT_TYPE_Unknown_type_of_loan_MEAN,0,3
BURO_CREDIT_TYPE_nan_MEAN,0,3
BURO_STATUS_0_MEAN_MEAN,85,3
BURO_STATUS_1_MEAN_MEAN,35,3
BURO_STATUS_2_MEAN_MEAN,2,3
BURO_STATUS_3_MEAN_MEAN,2,3
BURO_STATUS_4_MEAN_MEAN,0,3
BURO_STATUS_5_MEAN_MEAN,2,3
BURO_STATUS_C_MEAN_MEAN,36,3
BURO_STATUS_X_MEAN_MEAN,49,3
BURO_STATUS_nan_MEAN_MEAN,0,3
ACTIVE_DAYS_CREDIT_MIN,59,3
ACTIVE_DAYS_CREDIT_MAX,231,3
ACTIVE_DAYS_CREDIT_MEAN,154,3
ACTIVE_DAYS_CREDIT_VAR,91,3
ACTIVE_DAYS_CREDIT_ENDDATE_MIN,242,3
ACTIVE_DAYS_CREDIT_ENDDATE_MAX,88,3
ACTIVE_DAYS_CREDIT_ENDDATE_MEAN,111,3
ACTIVE_DAYS_CREDIT_UPDATE_MEAN,137,3
ACTIVE_CREDIT_DAY_OVERDUE_MAX,2,3
ACTIVE_CREDIT_DAY_OVERDUE_MEAN,6,3
ACTIVE_AMT_CREDIT_MAX_OVERDUE_MEAN,132,3
ACTIVE_AMT_CREDIT_SUM_MAX,106,3
ACTIVE_AMT_CREDIT_SUM_MEAN,104,3
ACTIVE_AMT_CREDIT_SUM_SUM,154,3
ACTIVE_AMT_CREDIT_SUM_DEBT_MAX,67,3
ACTIVE_AMT_CREDIT_SUM_DEBT_MEAN,89,3
ACTIVE_AMT_CREDIT_SUM_DEBT_SUM,62,3
ACTIVE_AMT_CREDIT_SUM_OVERDUE_MEAN,48,3
ACTIVE_AMT_CREDIT_SUM_LIMIT_MEAN,82,3
ACTIVE_AMT_CREDIT_SUM_LIMIT_SUM,45,3
ACTIVE_AMT_ANNUITY_MAX,27,3
ACTIVE_AMT_ANNUITY_MEAN,26,3
ACTIVE_CNT_CREDIT_PROLONG_SUM,3,3
ACTIVE_MONTHS_BALANCE_MIN_MIN,21,3
ACTIVE_MONTHS_BALANCE_MAX_MAX,19,3
ACTIVE_MONTHS_BALANCE_SIZE_MEAN,86,3
ACTIVE_MONTHS_BALANCE_SIZE_SUM,38,3
ACTIVE_STATUS_SCORE_MAX_MAX,0,3
ACTIVE_STATUS_SCORE_MAX_MEAN,3,3
ACTIVE_STATUS_SCORE_MEAN_MEAN,26,3
ACTIVE_STATUS_SCORE_RECENT6_MEAN_MEAN,5,3
ACTIVE_STATUS_SCORE_TREND_MEAN,26,3
ACTIVE_STATUS_SCORE_TREND_MAX,10,3
CLOSED_DAYS_CREDIT_MIN,56,3
CLOSED_DAYS_CREDIT_MAX,148,3
CLOSED_DAYS_CREDIT_MEAN,54,3
CLOSED_DAYS_CREDIT_VAR,83,3
CLOSED_DAYS_CREDIT_ENDDATE_MIN,45,3
CLOSED_DAYS_CREDIT_ENDDATE_MAX,159,3
CLOSED_DAYS_CREDIT_ENDDATE_MEAN,62,3
CLOSED_DAYS_CREDIT_UPDATE_MEAN,73,3
CLOSED_CREDIT_DAY_OVERDUE_MAX,0,3
CLOSED_CREDIT_DAY_OVERDUE_MEAN,0,3
CLOSED_AMT_CREDIT_MAX_OVERDUE_MEAN,78,3
CLOSED_AMT_CREDIT_SUM_MAX,96,3
CLOSED_AMT_CREDIT_SUM_MEAN,159,3
CLOSED_AMT_CREDIT_SUM_SUM,105,3
CLOSED_AMT_CREDIT_SUM_DEBT_MAX,22,3
CLOSED_AMT_CREDIT_SUM_DEBT_MEAN,11,3
CLOSED_AMT_CREDIT_SUM_DEBT_SUM,8,3
CLOSED_AMT_CREDIT_SUM_OVERDUE_MEAN,0,3
CLOSED_AMT_CREDIT_SUM_LIMIT_MEAN,14,3
CLOSED_AMT_CREDIT_SUM_LIMIT_SUM,9,3
CLOSED_AMT_ANNUITY_MAX,39,3
CLOSED_AMT_ANNUITY_MEAN,15,3
CLOSED_CNT_CREDIT_PROLONG_SUM,0,3
CLOSED_MONTHS_BALANCE_MIN_MIN,13,3
CLOSED_MONTHS_BALANCE_MAX_MAX,1,3
CLOSED_MONTHS_BALANCE_SIZE_MEAN,55,3
CLOSED_MONTHS_BALANCE_SIZE_SUM,44,3
CLOSED_STATUS_SCORE_MAX_MAX,0,3
CLOSED_STATUS_SCORE_MAX_MEAN,9,3
CLOSED_STATUS_SCORE_MEAN_MEAN,23,3
CLOSED_STATUS_SCORE_RECENT6_MEAN_MEAN,10,3
CLOSED_STATUS_SCORE_TREND_MEAN,40,3
CLOSED_STATUS_SCORE_TREND_MAX,20,3
PREV_AMT_ANNUITY_MIN,73,3
PREV_AMT_ANNUITY_MAX,63,3
PREV_AMT_ANNUITY_MEAN,122,3
PREV_AMT_APPLICATION_MIN,32,3
PREV_AMT_APPLICATION_MAX,34,3
PREV_AMT_APPLICATION_MEAN,35,3
PREV_AMT_CREDIT_MIN,38,3
PREV_AMT_CREDIT_MAX,47,3
PREV_AMT_CREDIT_MEAN,68,3
PREV_APP_CREDIT_PERC_MIN,88,3
PREV_APP_CREDIT_PERC_MAX,53,3
PREV_APP_CREDIT_PERC_MEAN,81,3
PREV_APP_CREDIT_PERC_VAR,100,3
PREV_AMT_DOWN_PAYMENT_MIN,48,3
PREV_AMT_DOWN_PAYMENT_MAX,56,3
PREV_AMT_DOWN_PAYMENT_MEAN,83,3
PREV_AMT_GOODS_PRICE_MIN,31,3
PREV_AMT_GOODS_PRICE_MAX,29,3
PREV_AMT_GOODS_PRICE_MEAN,41,3
PREV_HOUR_APPR_PROCESS_START_MIN,12,3
PREV_HOUR_APPR_PROCESS_START_MAX,39,3
PREV_HOUR_APPR_PROCESS_START_MEAN,78,3
PREV_RATE_DOWN_PAYMENT_MIN,53,3
PREV_RATE_DOWN_PAYMENT_MAX,33,3
PREV_RATE_DOWN_PAYMENT_MEAN,41,3
PREV_DAYS_DECISION_MIN,81,3
PREV_DAYS_DECISION_MAX,106,3
PREV_DAYS_DECISION_MEAN,72,3
PREV_CNT_PAYMENT_MEAN,173,3
PREV_CNT_PAYMENT_SUM,59,3
PREV_SK_ID_PREV_MEAN,80,3
PREV_NFLAG_LAST_APPL_IN_DAY_MEAN,0,3
PREV_RATE_INTEREST_PRIMARY_MEAN,23,3
PREV_RATE_INTEREST_PRIVILEGED_MEAN,0,3
PREV_SELLERPLACE_AREA_MEAN,113,3
PREV_DAYS_FIRST_DRAWING_MEAN,90,3
PREV_DAYS_FIRST_DUE_MEAN,84,3
PREV_DAYS_LAST_DUE_1ST_VERSION_MEAN,171,3
PREV_DAYS_LAST_DUE_MEAN,145,3
PREV_DAYS_TERMINATION_MEAN,105,3
PREV_NFLAG_INSURED_ON_APPROVAL_MEAN,24,3
PREV_NAME_CONTRACT_TYPE_Cash_loans_MEAN,15,3
PREV_NAME_CONTRACT_TYPE_Consumer_loans_MEAN,16,3
PREV_NAME_CONTRACT_TYPE_Revolving_loans_MEAN,15,3
PREV_NAME_CONTRACT_TYPE_XNA_MEAN,0,3
PREV_NAME_CONTRACT_TYPE_nan_MEAN,0,3
PREV_WEEKDAY_APPR_PROCESS_START_FRIDAY_MEAN,42,3
PREV_WEEKDAY_APPR_PROCESS_START_MONDAY_MEAN,74,3
PREV_WEEKDAY_APPR_PROCESS_START_SATURDAY_MEAN,47,3
PREV_WEEKDAY_APPR_PROCESS_START_SUNDAY_MEAN,26,3
PREV_WEEKDAY_APPR_PROCESS_START_THURSDAY_MEAN,65,3
PREV_WEEKDAY_APPR_PROCESS_START_TUESDAY_MEAN,37,3
PREV_WEEKDAY_APPR_PROCESS_START_WEDNESDAY_MEAN,37,3
PREV_WEEKDAY_APPR_PROCESS_START_nan_MEAN,0,3
PREV_FLAG_LAST_APPL_PER_CONTRACT_N_MEAN,9,3
PREV_FLAG_LAST_APPL_PER_CONTRACT_Y_MEAN,1,3
PREV_FLAG_LAST_APPL_PER_CONTRACT_nan_MEAN,0,3
PREV_NAME_CASH_LOAN_PURPOSE_Building_a_house_or_an_annex_MEAN,0,3
PREV_NAME_CASH_LOAN_PURPOSE_Business_development_MEAN,0,3
PREV_NAME_CASH_LOAN_PURPOSE_Buying_a_garage_MEAN,0,3
PREV_NAME_CASH_LOAN_PURPOSE_Buying_a_holiday_home_land_MEAN,1,3
PREV_NAME_CASH_LOAN_PURPOSE_Buying_a_home_MEAN,1,3
PREV_NAME_CASH_LOAN_PURPOSE_Buying_a_new_car_MEAN,0,3
PREV_NAME_CASH_LOAN_PURPOSE_Buying_a_used_car_MEAN,0,3
PREV_NAME_CASH_LOAN_PURPOSE_Car_repairs_MEAN,7,3
PREV_NAME_CASH_LOAN_PURPOSE_Education_MEAN,0,3
PREV_NAME_CASH_LOAN_PURPOSE_Everyday_expenses_MEAN,1,3
PREV_NAME_CASH_LOAN_PURPOSE_Furniture_MEAN,3,3
PREV_NAME_CASH_LOAN_PURPOSE_Gasification_water_supply_MEAN,20,3
PREV_NAME_CASH_LOAN_PURPOSE_Hobby_MEAN,0,3
PREV_NAME_CASH_LOAN_PURPOSE_Journey_MEAN,0,3
PREV_NAME_CASH_LOAN_PURPOSE_Medicine_MEAN,3,3
PREV_NAME_CASH_LOAN_PURPOSE_Money_for_a_third_person_MEAN,0,3
PREV_NAME_CASH_LOAN_PURPOSE_Other_MEAN,6,3
PREV_NAME_CASH_LOAN_PURPOSE_Payments_on_other_loans_MEAN,1,3
PREV_NAME_CASH_LOAN_PURPOSE_Purchase_of_electronic_equipment_MEAN,0,3
PREV_NAME_CASH_LOAN_PURPOSE_Refusal_to_name_the_goal_MEAN,0,3
PREV_NAME_CASH_LOAN_PURPOSE_Repairs_MEAN,19,3
PREV_NAME_CASH_LOAN_PURPOSE_Urgent_needs_MEAN,16,3
PREV_NAME_CASH_LOAN_PURPOSE_Wedding_gift_holiday_MEAN,0,3
PREV_NAME_CASH_LOAN_PURPOSE_XAP_MEAN,2,3
PREV_NAME_CASH_LOAN_PURPOSE_XNA_MEAN,22,3
PREV_NAME_CASH_LOAN_PURPOSE_nan_MEAN,0,3
PREV_NAME_CONTRACT_STATUS_Approved_MEAN,34,3
PREV_NAME_CONTRACT_STATUS_Canceled_MEAN,39,3
PREV_NAME_CONTRACT_STATUS_Refused_MEAN,73,3
PREV_NAME_CONTRACT_STATUS_Unused_offer_MEAN,8,3
PREV_NAME_CONTRACT_STATUS_nan_MEAN,0,3
PREV_NAME_PAYMENT_TYPE_Cash_through_the_bank_MEAN,29,3
PREV_NAME_PAYMENT_TYPE_Cashless_from_the_account_of_the_employer_MEAN,0,3
PREV_NAME_PAYMENT_TYPE_Non_cash_from_your_account_MEAN,5,3
PREV_NAME_PAYMENT_TYPE_XNA_MEAN,61,3
PREV_NAME_PAYMENT_TYPE_nan_MEAN,0,3
PREV_CODE_REJECT_REASON_CLIENT_MEAN,1,3
PREV_CODE_REJECT_REASON_HC_MEAN,33,3
PREV_CODE_REJECT_REASON_LIMIT_MEAN,24,3
PREV_CODE_REJECT_REASON_SCO_MEAN,36,3
PREV_CODE_REJECT_REASON_SCOFR_MEAN,12,3
PREV_CODE_REJECT_REASON_SYSTEM_MEAN,0,3
PREV_CODE_REJECT_REASON_VERIF_MEAN,6,3
PREV_CODE_REJECT_REASON_XAP_MEAN,47,3
PREV_CODE_REJECT_REASON_XNA_MEAN,2,3
PREV_CODE_REJECT_REASON_nan_MEAN,0,3
PREV_NAME_TYPE_SUITE_Children_MEAN,1,3
PREV_NAME_TYPE_SUITE_Family_MEAN,23,3
PREV_NAME_TYPE_SUITE_Group_of_people_MEAN,1,3
PREV_NAME_TYPE_SUITE_Other_A_MEAN,5,3
PREV_NAME_TYPE_SUITE_Other_B_MEAN,4,3
PREV_NAME_TYPE_SUITE_Spouse_partner_MEAN,11,3
PREV_NAME_TYPE_SUITE_Unaccompanied_MEAN,67,3
PREV_NAME_TYPE_SUITE_nan_MEAN,61,3
PREV_NAME_CLIENT_TYPE_New_MEAN,60,3
PREV_NAME_CLIENT_TYPE_Refreshed_MEAN,81,3
PREV_NAME_CLIENT_TYPE_Repeater_MEAN,20,3
PREV_NAME_CLIENT_TYPE_XNA_MEAN,17,3
PREV_NAME_CLIENT_TYPE_nan_MEAN,0,3
PREV_NAME_GOODS_CATEGORY_Additional_Service_MEAN,0,3
PREV_NAME_GOODS_CATEGORY_Animals_MEAN,0,3
PREV_NAME_GOODS_CATEGORY_Audio_Video_MEAN,19,3
PREV_NAME_GOODS_CATEGORY_Auto_Accessories_MEAN,3,3
PREV_NAME_GOODS_CATEGORY_Clothing_and_Accessories_MEAN,7,3
PREV_NAME_GOODS_CATEGORY_Computers_MEAN,46,3
PREV_NAME_GOODS_CATEGORY_Construction_Materials_MEAN,19,3
PREV_NAME_GOODS_CATEGORY_Consumer_Electronics_MEAN,26,3
PREV_NAME_GOODS_CATEGORY_Direct_Sales_MEAN,14,3
PREV_NAME_GOODS_CATEGORY_Education_MEAN,0,3
PREV_NAME_GOODS_CATEGORY_Fitness_MEAN,0,3
PREV_NAME_GOODS_CATEGORY_Furniture_MEAN,21,3
PREV_NAME_GOODS_CATEGORY_Gardening_MEAN,9,3
PREV_NAME_GOODS_CATEGORY_Homewares_MEAN,5,3
PREV_NAME_GOODS_CATEGORY_House_Construction_MEAN,0,3
PREV_NAME_GOODS_CATEGORY_Insurance_MEAN,0,3
PREV_NAME_GOODS_CATEGORY_Jewelry_MEAN,1,3
PREV_NAME_GOODS_CATEGORY_Medical_Supplies_MEAN,0,3
PREV_NAME_GOODS_CATEGORY_Medicine_MEAN,2,3
PREV_NAME_GOODS_CATEGORY_Mobile_MEAN,31,3
PREV_NAME_GOODS_CATEGORY_Office_Appliances_MEAN,0,3
PREV_NAME_GOODS_CATEGORY_Other_MEAN,8,3
PREV_NAME_GOODS_CATEGORY_Photo_Cinema_Equipment_MEAN,38,3
PREV_NAME_GOODS_CATEGORY_Sport_and_Leisure_MEAN,24,3
PREV_NAME_GOODS_CATEGORY_Tourism_MEAN,0,3
PREV_NAME_GOODS_CATEGORY_Vehicles_MEAN,2,3
PREV_NAME_GOODS_CATEGORY_Weapon_MEAN,0,3
PREV_NAME_GOODS_CATEGORY_XNA_MEAN,20,3
PREV_NAME_GOODS_CATEGORY_nan_MEAN,0,3
PREV_NAME_PORTFOLIO_Cards_MEAN,8,3
PREV_NAME_PORTFOLIO_Cars_MEAN,0,3
PREV_NAME_PORTFOLIO_Cash_MEAN,40,3
PREV_NAME_PORTFOLIO_POS_MEAN,23,3
PREV_NAME_PORTFOLIO_XNA_MEAN,21,3
PREV_NAME_PORTFOLIO_nan_MEAN,0,3
PREV_NAME_PRODUCT_TYPE_XNA_MEAN,35,3
PREV_NAME_PRODUCT_TYPE_walk_in_MEAN,39,3
PREV_NAME_PRODUCT_TYPE_x_sell_MEAN,33,3
PREV_NAME_PRODUCT_TYPE_nan_MEAN,0,3
PREV_CHANNEL_TYPE_AP_Cash_loan__MEAN,23,3
PREV_CHANNEL_TYPE_Car_dealer_MEAN,1,3
PREV_CHANNEL_TYPE_Channel_of_corporate_sales_MEAN,40,3
PREV_CHANNEL_TYPE_Contact_center_MEAN,59,3
PREV_CHANNEL_TYPE_Country_wide_MEAN,44,3
PREV_CHANNEL_TYPE_Credit_and_cash_offices_MEAN,49,3
PREV_CHANNEL_TYPE_Regional_Local_MEAN,13,3
PREV_CHANNEL_TYPE_Stone_MEAN,29,3
PREV_CHANNEL_TYPE_nan_MEAN,0,3
PREV_NAME_SELLER_INDUSTRY_Auto_technology_MEAN,11,3
PREV_NAME_SELLER_INDUSTRY_Clothing_MEAN,8,3
PREV_NAME_SELLER_INDUSTRY_Connectivity_MEAN,49,3
PREV_NAME_SELLER_INDUSTRY_Construction_MEAN,27,3
PREV_NAME_SELLER_INDUSTRY_Consumer_electronics_MEAN,28,3
PREV_NAME_SELLER_INDUSTRY_Furniture_MEAN,8,3
PREV_NAME_SELLER_INDUSTRY_Industry_MEAN,4,3
PREV_NAME_SELLER_INDUSTRY_Jewelry_MEAN,0,3
PREV_NAME_SELLER_INDUSTRY_MLM_partners_MEAN,2,3
PREV_NAME_SELLER_INDUSTRY_Tourism_MEAN,0,3
PREV_NAME_SELLER_INDUSTRY_XNA_MEAN,17,3
PREV_NAME_SELLER_INDUSTRY_nan_MEAN,0,3
PREV_NAME_YIELD_GROUP_XNA_MEAN,53,3
PREV_NAME_YIELD_GROUP_high_MEAN,96,3
PREV_NAME_YIELD_GROUP_low_action_MEAN,65,3
PREV_NAME_YIELD_GROUP_low_normal_MEAN,45,3
PREV_NAME_YIELD_GROUP_middle_MEAN,38,3
PREV_NAME_YIELD_GROUP_nan_MEAN,0,3
PREV_PRODUCT_COMBINATION_Card_Street_MEAN,31,3
PREV_PRODUCT_COMBINATION_Card_X_Sell_MEAN,14,3
PREV_PRODUCT_COMBINATION_Cash_MEAN,13,3
PREV_PRODUCT_COMBINATION_Cash_Street_high_MEAN,25,3
PREV_PRODUCT_COMBINATION_Cash_Street_low_MEAN,50,3
PREV_PRODUCT_COMBINATION_Cash_Street_middle_MEAN,22,3
PREV_PRODUCT_COMBINATION_Cash_X_Sell_high_MEAN,64,3
PREV_PRODUCT_COMBINATION_Cash_X_Sell_low_MEAN,55,3
PREV_PRODUCT_COMBINATION_Cash_X_Sell_middle_MEAN,36,3
PREV_PRODUCT_COMBINATION_POS_household_with_interest_MEAN,29,3
PREV_PRODUCT_COMBINATION_POS_household_without_interest_MEAN,18,3
PREV_PRODUCT_COMBINATION_POS_industry_with_interest_MEAN,25,3
PREV_PRODUCT_COMBINATION_POS_industry_without_interest_MEAN,12,3
PREV_PRODUCT_COMBINATION_POS_mobile_with_interest_MEAN,12,3
PREV_PRODUCT_COMBINATION_POS_mobile_without_interest_MEAN,6,3
PREV_PRODUCT_COMBINATION_POS_other_with_interest_MEAN,12,3
PREV_PRODUCT_COMBINATION_POS_others_without_interest_MEAN,0,3
PREV_PRODUCT_COMBINATION_nan_MEAN,0,3
APPROVED_AMT_ANNUITY_MIN,55,3
APPROVED_AMT_ANNUITY_MAX,43,3
APPROVED_AMT_ANNUITY_MEAN,87,3
APPROVED_AMT_APPLICATION_MIN,50,3
APPROVED_AMT_APPLICATION_MAX,49,3
APPROVED_AMT_APPLICATION_MEAN,39,3
APPROVED_AMT_CREDIT_MIN,60,3
APPROVED_AMT_CREDIT_MAX,64,3
APPROVED_AMT_CREDIT_MEAN,44,3
APPROVED_APP_CREDIT_PERC_MIN,66,3
APPROVED_APP_CREDIT_PERC_MAX,55,3
APPROVED_APP_CREDIT_PERC_MEAN,41,3
APPROVED_APP_CREDIT_PERC_VAR,103,3
APPROVED_AMT_DOWN_PAYMENT_MIN,32,3
APPROVED_AMT_DOWN_PAYMENT_MAX,79,3
APPROVED_AMT_DOWN_PAYMENT_MEAN,36,3
APPROVED_AMT_GOODS_PRICE_MIN,43,3
APPROVED_AMT_GOODS_PRICE_MAX,32,3
APPROVED_AMT_GOODS_PRICE_MEAN,21,3
APPROVED_HOUR_APPR_PROCESS_START_MIN,24,3
APPROVED_HOUR_APPR_PROCESS_START_MAX,45,3
APPROVED_HOUR_APPR_PROCESS_START_MEAN,69,3
APPROVED_RATE_DOWN_PAYMENT_MIN,18,3
APPROVED_RATE_DOWN_PAYMENT_MAX,46,3
APPROVED_RATE_DOWN_PAYMENT_MEAN,52,3
APPROVED_DAYS_DECISION_MIN,63,3
APPROVED_DAYS_DECISION_MAX,98,3
APPROVED_DAYS_DECISION_MEAN,53,3
APPROVED_CNT_PAYMENT_MEAN,146,3
APPROVED_CNT_PAYMENT_SUM,113,3
REFUSED_AMT_ANNUITY_MIN,44,3
REFUSED_AMT_ANNUITY_MAX,27,3
REFUSED_AMT_ANNUITY_MEAN,37,3
REFUSED_AMT_APPLICATION_MIN,35,3
REFUSED_AMT_APPLICATION_MAX,25,3
REFUSED_AMT_APPLICATION_MEAN,38,3
REFUSED_AMT_CREDIT_MIN,45,3
REFUSED_AMT_CREDIT_MAX,27,3
REFUSED_AMT_CREDIT_MEAN,26,3
REFUSED_APP_CREDIT_PERC_MIN,39,3
REFUSED_APP_CREDIT_PERC_MAX,38,3
REFUSED_APP_CREDIT_PERC_MEAN,38,3
REFUSED_APP_CREDIT_PERC_VAR,52,3
REFUSED_AMT_DOWN_PAYMENT_MIN,9,3
REFUSED_AMT_DOWN_PAYMENT_MAX,14,3
REFUSED_AMT_DOWN_PAYMENT_MEAN,9,3
REFUSED_AMT_GOODS_PRICE_MIN,38,3
REFUSED_AMT_GOODS_PRICE_MAX,8,3
REFUSED_AMT_GOODS_PRICE_MEAN,51,3
REFUSED_HOUR_APPR_PROCESS_START_MIN,32,3
REFUSED_HOUR_APPR_PROCESS_START_MAX,8,3
REFUSED_HOUR_APPR_PROCESS_START_MEAN,58,3
REFUSED_RATE_DOWN_PAYMENT_MIN,28,3
REFUSED_RATE_DOWN_PAYMENT_MAX,17,3
REFUSED_RATE_DOWN_PAYMENT_MEAN,4,3
REFUSED_DAYS_DECISION_MIN,38,3
REFUSED_DAYS_DECISION_MAX,73,3
REFUSED_DAYS_DECISION_MEAN,53,3
REFUSED_CNT_PAYMENT_MEAN,36,3
REFUSED_CNT_PAYMENT_SUM,28,3
POS_MONTHS_BALANCE_MAX,79,3
POS_MONTHS_BALANCE_MEAN,86,3
POS_MONTHS_BALANCE_SIZE,106,3
POS_SK_DPD_MAX,27,3
POS_SK_DPD_MEAN,44,3
POS_SK_DPD_DEF_MAX,52,3
POS_SK_DPD_DEF_MEAN,79,3
POS_SK_ID_PREV_MEAN,122,3
POS_CNT_INSTALMENT_MEAN,52,3
POS_CNT_INSTALMENT_FUTURE_MEAN,238,3
POS_NAME_CONTRACT_STATUS_Active_MEAN,115,3
POS_NAME_CONTRACT_STATUS_Amortized_debt_MEAN,0,3
POS_NAME_CONTRACT_STATUS_Approved_MEAN,3,3
POS_NAME_CONTRACT_STATUS_Canceled_MEAN,0,3
POS_NAME_CONTRACT_STATUS_Completed_MEAN,84,3
POS_NAME_CONTRACT_STATUS_Demand_MEAN,3,3
POS_NAME_CONTRACT_STATUS_Returned_to_the_store_MEAN,25,3
POS_NAME_CONTRACT_STATUS_Signed_MEAN,51,3
POS_NAME_CONTRACT_STATUS_XNA_MEAN,0,3
POS_NAME_CONTRACT_STATUS_nan_MEAN,0,3
POS_COUNT,15,3
INSTAL_NUM_INSTALMENT_VERSION_NUNIQUE,57,3
INSTAL_DPD_MAX,67,3
INSTAL_DPD_MEAN,156,3
INSTAL_DPD_SUM,49,3
INSTAL_DBD_MAX,129,3
INSTAL_DBD_MEAN,141,3
INSTAL_DBD_SUM,167,3
INSTAL_PAYMENT_PERC_MAX,16,3
INSTAL_PAYMENT_PERC_MEAN,97,3
INSTAL_PAYMENT_PERC_SUM,52,3
INSTAL_PAYMENT_PERC_VAR,91,3
INSTAL_PAYMENT_DIFF_MAX,125,3
INSTAL_PAYMENT_DIFF_MEAN,123,3
INSTAL_PAYMENT_DIFF_SUM,88,3
INSTAL_PAYMENT_DIFF_VAR,59,3
INSTAL_AMT_INSTALMENT_MAX,94,3
INSTAL_AMT_INSTALMENT_MEAN,47,3
INSTAL_AMT_INSTALMENT_SUM,85,3
INSTAL_AMT_PAYMENT_MIN,136,3
INSTAL_AMT_PAYMENT_MAX,66,3
INSTAL_AMT_PAYMENT_MEAN,94,3
INSTAL_AMT_PAYMENT_SUM,184,3
INSTAL_DAYS_ENTRY_PAYMENT_MAX,217,3
INSTAL_DAYS_ENTRY_PAYMENT_MEAN,46,3
INSTAL_DAYS_ENTRY_PAYMENT_SUM,115,3
INSTAL_SK_ID_PREV_MEAN,96,3
INSTAL_NUM_INSTALMENT_NUMBER_MEAN,133,3
INSTAL_DAYS_INSTALMENT_MEAN,56,3
INSTAL_COUNT,37,3
CC_MONTHS_BALANCE_MIN,6,3
CC_MONTHS_BALANCE_MAX,10,3
CC_MONTHS_BALANCE_MEAN,13,3
CC_MONTHS_BALANCE_SUM,21,3
CC_MONTHS_BALANCE_VAR,8,3
CC_AMT_BALANCE_MIN,13,3
CC_AMT_BALANCE_MAX,26,3
CC_AMT_BALANCE_MEAN,31,3
CC_AMT_BALANCE_SUM,11,3
CC_AMT_BALANCE_VAR,15,3
CC_AMT_CREDIT_LIMIT_ACTUAL_MIN,18,3
CC_AMT_CREDIT_LIMIT_ACTUAL_MAX,17,3
CC_AMT_CREDIT_LIMIT_ACTUAL_MEAN,61,3
CC_AMT_CREDIT_LIMIT_ACTUAL_SUM,24,3
CC_AMT_CREDIT_LIMIT_ACTUAL_VAR,31,3
CC_AMT_DRAWINGS_ATM_CURRENT_MIN,5,3
CC_AMT_DRAWINGS_ATM_CURRENT_MAX,32,3
CC_AMT_DRAWINGS_ATM_CURRENT_MEAN,28,3
CC_AMT_DRAWINGS_ATM_CURRENT_SUM,21,3
CC_AMT_DRAWINGS_ATM_CURRENT_VAR,27,3
CC_AMT_DRAWINGS_CURRENT_MIN,1,3
CC_AMT_DRAWINGS_CURRENT_MAX,15,3
CC_AMT_DRAWINGS_CURRENT_MEAN,14,3
CC_AMT_DRAWINGS_CURRENT_SUM,25,3
CC_AMT_DRAWINGS_CURRENT_VAR,6,3
CC_AMT_DRAWINGS_OTHER_CURRENT_MIN,0,3
CC_AMT_DRAWINGS_OTHER_CURRENT_MAX,9,3
CC_AMT_DRAWINGS_OTHER_CURRENT_MEAN,5,3
CC_AMT_DRAWINGS_OTHER_CURRENT_SUM,0,3
CC_AMT_DRAWINGS_OTHER_CURRENT_VAR,11,3
CC_AMT_DRAWINGS_POS_CURRENT_MIN,5,3
CC_AMT_DRAWINGS_POS_CURRENT_MAX,12,3
CC_AMT_DRAWINGS_POS_CURRENT_MEAN,17,3
CC_AMT_DRAWINGS_POS_CURRENT_SUM,31,3
CC_AMT_DRAWINGS_POS_CURRENT_VAR,29,3
CC_AMT_INST_MIN_REGULARITY_MIN,1,3
CC_AMT_INST_MIN_REGULARITY_MAX,5,3
CC_AMT_INST_MIN_REGULARITY_MEAN,9,3
CC_AMT_INST_MIN_REGULARITY_SUM,10,3
CC_AMT_INST_MIN_REGULARITY_VAR,24,3
CC_AMT_PAYMENT_CURRENT_MIN,15,3
CC_AMT_PAYMENT_CURRENT_MAX,26,3
CC_AMT_PAYMENT_CURRENT_MEAN,58,3
CC_AMT_PAYMENT_CURRENT_SUM,26,3
CC_AMT_PAYMENT_CURRENT_VAR,49,3
CC_AMT_PAYMENT_TOTAL_CURRENT_MIN,10,3
CC_AMT_PAYMENT_TOTAL_CURRENT_MAX,14,3
CC_AMT_PAYMENT_TOTAL_CURRENT_MEAN,33,3
CC_AMT_PAYMENT_TOTAL_CURRENT_SUM,21,3
CC_AMT_PAYMENT_TOTAL_CURRENT_VAR,11,3
CC_AMT_RECEIVABLE_PRINCIPAL_MIN,7,3
CC_AMT_RECEIVABLE_PRINCIPAL_MAX,20,3
CC_AMT_RECEIVABLE_PRINCIPAL_MEAN,7,3
CC_AMT_RECEIVABLE_PRINCIPAL_SUM,4,3
CC_AMT_RECEIVABLE_PRINCIPAL_VAR,15,3
CC_AMT_RECIVABLE_MIN,8,3
CC_AMT_RECIVABLE_MAX,14,3
CC_AMT_RECIVABLE_MEAN,24,3
CC_AMT_RECIVABLE_SUM,7,3
CC_AMT_RECIVABLE_VAR,15,3
CC_AMT_TOTAL_RECEIVABLE_MIN,3,3
CC_AMT_TOTAL_RECEIVABLE_MAX,5,3
CC_AMT_TOTAL_RECEIVABLE_MEAN,3,3
CC_AMT_TOTAL_RECEIVABLE_SUM,2,3
CC_AMT_TOTAL_RECEIVABLE_VAR,7,3
CC_CNT_DRAWINGS_ATM_CURRENT_MIN,0,3
CC_CNT_DRAWINGS_ATM_CURRENT_MAX,25,3
CC_CNT_DRAWINGS_ATM_CURRENT_MEAN,85,3
CC_CNT_DRAWINGS_ATM_CURRENT_SUM,25,3
CC_CNT_DRAWINGS_ATM_CURRENT_VAR,42,3
CC_CNT_DRAWINGS_CURRENT_MIN,2,3
CC_CNT_DRAWINGS_CURRENT_MAX,25,3
CC_CNT_DRAWINGS_CURRENT_MEAN,56,3
CC_CNT_DRAWINGS_CURRENT_SUM,41,3
CC_CNT_DRAWINGS_CURRENT_VAR,77,3
CC_CNT_DRAWINGS_OTHER_CURRENT_MIN,0,3
CC_CNT_DRAWINGS_OTHER_CURRENT_MAX,1,3
CC_CNT_DRAWINGS_OTHER_CURRENT_MEAN,2,3
CC_CNT_DRAWINGS_OTHER_CURRENT_SUM,4,3
CC_CNT_DRAWINGS_OTHER_CURRENT_VAR,20,3
CC_CNT_DRAWINGS_POS_CURRENT_MIN,8,3
CC_CNT_DRAWINGS_POS_CURRENT_MAX,16,3
CC_CNT_DRAWINGS_POS_CURRENT_MEAN,31,3
CC_CNT_DRAWINGS_POS_CURRENT_SUM,16,3
CC_CNT_DRAWINGS_POS_CURRENT_VAR,24,3
CC_CNT_INSTALMENT_MATURE_CUM_MIN,10,3
CC_CNT_INSTALMENT_MATURE_CUM_MAX,7,3
CC_CNT_INSTALMENT_MATURE_CUM_MEAN,12,3
CC_CNT_INSTALMENT_MATURE_CUM_SUM,9,3
CC_CNT_INSTALMENT_MATURE_CUM_VAR,21,3
CC_SK_DPD_MIN,0,3
CC_SK_DPD_MAX,3,3
CC_SK_DPD_MEAN,27,3
CC_SK_DPD_SUM,24,3
CC_SK_DPD_VAR,6,3
CC_SK_DPD_DEF_MIN,0,3
CC_SK_DPD_DEF_MAX,0,3
CC_SK_DPD_DEF_MEAN,42,3
CC_SK_DPD_DEF_SUM,5,3
CC_SK_DPD_DEF_VAR,3,3
CC_NAME_CONTRACT_STATUS_Active_MIN,2,3
CC_NAME_CONTRACT_STATUS_Active_MAX,0,3
CC_NAME_CONTRACT_STATUS_Active_MEAN,1,3
CC_NAME_CONTRACT_STATUS_Active_SUM,7,3
CC_NAME_CONTRACT_STATUS_Active_VAR,0,3
CC_NAME_CONTRACT_STATUS_Approved_MIN,0,3
CC_NAME_CONTRACT_STATUS_Approved_MAX,0,3
CC_NAME_CONTRACT_STATUS_Approved_MEAN,0,3
CC_NAME_CONTRACT_STATUS_Approved_SUM,0,3
CC_NAME_CONTRACT_STATUS_Approved_VAR,0,3
CC_NAME_CONTRACT_STATUS_Completed_MIN,0,3
CC_NAME_CONTRACT_STATUS_Completed_MAX,0,3
CC_NAME_CONTRACT_STATUS_Completed_MEAN,14,3
CC_NAME_CONTRACT_STATUS_Completed_SUM,0,3
CC_NAME_CONTRACT_STATUS_Completed_VAR,1,3
CC_NAME_CONTRACT_STATUS_Demand_MIN,0,3
CC_NAME_CONTRACT_STATUS_Demand_MAX,0,3
CC_NAME_CONTRACT_STATUS_Demand_MEAN,0,3
CC_NAME_CONTRACT_STATUS_Demand_SUM,0,3
CC_NAME_CONTRACT_STATUS_Demand_VAR,0,3
CC_NAME_CONTRACT_STATUS_Refused_MIN,0,3
CC_NAME_CONTRACT_STATUS_Refused_MAX,0,3
CC_NAME_CONTRACT_STATUS_Refused_MEAN,0,3
CC_NAME_CONTRACT_STATUS_Refused_SUM,0,3
CC_NAME_CONTRACT_STATUS_Refused_VAR,0,3
CC_NAME_CONTRACT_STATUS_Sent_proposal_MIN,0,3
CC_NAME_CONTRACT_STATUS_Sent_proposal_MAX,0,3
CC_NAME_CONTRACT_STATUS_Sent_proposal_MEAN,9,3
CC_NAME_CONTRACT_STATUS_Sent_proposal_SUM,0,3
CC_NAME_CONTRACT_STATUS_Sent_proposal_VAR,0,3
CC_NAME_CONTRACT_STATUS_Signed_MIN,0,3
CC_NAME_CONTRACT_STATUS_Signed_MAX,0,3
CC_NAME_CONTRACT_STATUS_Signed_MEAN,1,3
CC_NAME_CONTRACT_STATUS_Signed_SUM,0,3
CC_NAME_CONTRACT_STATUS_Signed_VAR,10,3
CC_NAME_CONTRACT_STATUS_nan_MIN,0,3
CC_NAME_CONTRACT_STATUS_nan_MAX,0,3
CC_NAME_CONTRACT_STATUS_nan_MEAN,0,3
CC_NAME_CONTRACT_STATUS_nan_SUM,0,3
CC_NAME_CONTRACT_STATUS_nan_VAR,0,3
CC_COUNT,2,3
DEBT_INCOME_RATIO,92,3
CURR_PREV_CREDIT_RATIO,103,3
CREDIT_GOODS_PRICE_RATIO,287,3
COMBINED_DPD_MEAN,136,3
CC_UTILIZATION_INCOME,30,3
CODE_GENDER,115,4
FLAG_OWN_CAR,14,4
FLAG_OWN_REALTY,11,4
CNT_CHILDREN,8,4
AMT_INCOME_TOTAL,93,4
AMT_CREDIT,122,4
AMT_ANNUITY,295,4
AMT_GOODS_PRICE,160,4
REGION_POPULATION_RELATIVE,216,4
DAYS_BIRTH,439,4
DAYS_EMPLOYED,236,4
DAYS_REGISTRATION,180,4
DAYS_ID_PUBLISH,264,4
OWN_CAR_AGE,150,4
FLAG_MOBIL,0,4
FLAG_EMP_PHONE,0,4
FLAG_WORK_PHONE,71,4
FLAG_CONT_MOBILE,0,4
FLAG_PHONE,10,4
FLAG_EMAIL,0,4
CNT_FAM_MEMBERS,6,4
REGION_RATING_CLIENT,5,4
REGION_RATING_CLIENT_W_CITY,76,4
HOUR_APPR_PROCESS_START,65,4
REG_REGION_NOT_LIVE_REGION,0,4
REG_REGION_NOT_WORK_REGION,4,4
LIVE_REGION_NOT_WORK_REGION,0,4
REG_CITY_NOT_LIVE_CITY,37,4
REG_CITY_NOT_WORK_CITY,2,4
LIVE_CITY_NOT_WORK_CITY,11,4
EXT_SOURCE_1,559,4
EXT_SOURCE_2,471,4
EXT_SOURCE_3,573,4
APARTMENTS_AVG,32,4
BASEMENTAREA_AVG,32,4
YEARS_BEGINEXPLUATATION_AVG,44,4
YEARS_BUILD_AVG,34,4
COMMONAREA_AVG,27,4
ELEVATORS_AVG,7,4
ENTRANCES_AVG,19,4
FLOORSMAX_AVG,26,4
FLOORSMIN_AVG,7,4
LANDAREA_AVG,44,4
LIVINGAPARTMENTS_AVG,23,4
LIVINGAREA_AVG,29,4
NONLIVINGAPARTMENTS_AVG,16,4
NONLIVINGAREA_AVG,32,4
APARTMENTS_MODE,39,4
BASEMENTAREA_MODE,26,4
YEARS_BEGINEXPLUATATION_MODE,33,4
YEARS_BUILD_MODE,33,4
COMMONAREA_MODE,44,4
ELEVATORS_MODE,10,4
ENTRANCES_MODE,17,4
FLOORSMAX_MODE,4,4
FLOORSMIN_MODE,5,4
LANDAREA_MODE,36,4
LIVINGAPARTMENTS_MODE,54,4
LIVINGAREA_MODE,26,4
NONLIVINGAPARTMENTS_MODE,2,4
NONLIVINGAREA_MODE,42,4
APARTMENTS_MEDI,33,4
BASEMENTAREA_MEDI,16,4
YEARS_BEGINEXPLUATATION_MEDI,48,4
YEARS_BUILD_MEDI,6,4
COMMONAREA_MEDI,36,4
ELEVATORS_MEDI,3,4
ENTRANCES_MEDI,9,4
FLOORSMAX_MEDI,4,4
FLOORSMIN_MEDI,4,4
LANDAREA_MEDI,18,4
LIVINGAPARTMENTS_MEDI,30,4
LIVINGAREA_MEDI,31,4
NONLIVINGAPARTMENTS_MEDI,3,4
NONLIVINGAREA_MEDI,15,4
TOTALAREA_MODE,38,4
OBS_30_CNT_SOCIAL_CIRCLE,31,4
DEF_30_CNT_SOCIAL_CIRCLE,50,4
OBS_60_CNT_SOCIAL_CIRCLE,33,4
DEF_60_CNT_SOCIAL_CIRCLE,39,4
DAYS_LAST_PHONE_CHANGE,148,4
FLAG_DOCUMENT_2,0,4
FLAG_DOCUMENT_3,46,4
FLAG_DOCUMENT_4,0,4
FLAG_DOCUMENT_5,0,4
FLAG_DOCUMENT_6,1,4
FLAG_DOCUMENT_7,0,4
FLAG_DOCUMENT_8,10,4
FLAG_DOCUMENT_9,0,4
FLAG_DOCUMENT_10,0,4
FLAG_DOCUMENT_11,7,4
FLAG_DOCUMENT_12,0,4
FLAG_DOCUMENT_13,9,4
FLAG_DOCUMENT_14,1,4
FLAG_DOCUMENT_15,0,4
FLAG_DOCUMENT_16,26,4
FLAG_DOCUMENT_17,0,4
FLAG_DOCUMENT_18,30,4
FLAG_DOCUMENT_19,0,4
FLAG_DOCUMENT_20,0,4
FLAG_DOCUMENT_21,0,4
AMT_REQ_CREDIT_BUREAU_HOUR,0,4
AMT_REQ_CREDIT_BUREAU_DAY,2,4
AMT_REQ_CREDIT_BUREAU_WEEK,14,4
AMT_REQ_CREDIT_BUREAU_MON,25,4
AMT_REQ_CREDIT_BUREAU_QRT,73,4
AMT_REQ_CREDIT_BUREAU_YEAR,29,4
NAME_CONTRACT_TYPE_Cash_loans,33,4
NAME_CONTRACT_TYPE_Revolving_loans,7,4
NAME_TYPE_SUITE_Children,1,4
NAME_TYPE_SUITE_Family,2,4
NAME_TYPE_SUITE_Group_of_people,0,4
NAME_TYPE_SUITE_Other_A,0,4
NAME_TYPE_SUITE_Other_B,6,4
NAME_TYPE_SUITE_Spouse_partner,11,4
NAME_TYPE_SUITE_Unaccompanied,10,4
NAME_INCOME_TYPE_Businessman,0,4
NAME_INCOME_TYPE_Commercial_associate,0,4
NAME_INCOME_TYPE_Maternity_leave,0,4
NAME_INCOME_TYPE_Pensioner,0,4
NAME_INCOME_TYPE_State_servant,23,4
NAME_INCOME_TYPE_Student,0,4
NAME_INCOME_TYPE_Unemployed,0,4
NAME_INCOME_TYPE_Working,9,4
NAME_EDUCATION_TYPE_Academic_degree,0,4
NAME_EDUCATION_TYPE_Higher_education,41,4
NAME_EDUCATION_TYPE_Incomplete_higher,9,4
NAME_EDUCATION_TYPE_Lower_secondary,17,4
NAME_EDUCATION_TYPE_Secondary_secondary_special,22,4
NAME_FAMILY_STATUS_Civil_marriage,0,4
NAME_FAMILY_STATUS_Married,92,4
NAME_FAMILY_STATUS_Separated,0,4
NAME_FAMILY_STATUS_Single_not_married,12,4
NAME_FAMILY_STATUS_Unknown,0,4
NAME_FAMILY_STATUS_Widow,3,4
NAME_HOUSING_TYPE_Co_op_apartment,0,4
NAME_HOUSING_TYPE_House_apartment,8,4
NAME_HOUSING_TYPE_Municipal_apartment,23,4
NAME_HOUSING_TYPE_Office_apartment,29,4
NAME_HOUSING_TYPE_Rented_apartment,2,4
NAME_HOUSING_TYPE_With_parents,5,4
OCCUPATION_TYPE_Accountants,21,4
OCCUPATION_TYPE_Cleaning_staff,0,4
OCCUPATION_TYPE_Cooking_staff,2,4
OCCUPATION_TYPE_Core_staff,28,4
OCCUPATION_TYPE_Drivers,24,4
OCCUPATION_TYPE_HR_staff,0,4
OCCUPATION_TYPE_High_skill_tech_staff,26,4
OCCUPATION_TYPE_IT_staff,0,4
OCCUPATION_TYPE_Laborers,6,4
OCCUPATION_TYPE_Low_skill_Laborers,0,4
OCCUPATION_TYPE_Managers,2,4
OCCUPATION_TYPE_Medicine_staff,26,4
OCCUPATION_TYPE_Private_service_staff,0,4
OCCUPATION_TYPE_Realty_agents,0,4
OCCUPATION_TYPE_Sales_staff,4,4
OCCUPATION_TYPE_Secretaries,0,4
OCCUPATION_TYPE_Security_staff,1,4
OCCUPATION_TYPE_Waiters_barmen_staff,6,4
WEEKDAY_APPR_PROCESS_START_FRIDAY,1,4
WEEKDAY_APPR_PROCESS_START_MONDAY,30,4
WEEKDAY_APPR_PROCESS_START_SATURDAY,4,4
WEEKDAY_APPR_PROCESS_START_SUNDAY,12,4
WEEKDAY_APPR_PROCESS_START_THURSDAY,3,4
WEEKDAY_APPR_PROCESS_START_TUESDAY,3,4
WEEKDAY_APPR_PROCESS_START_WEDNESDAY,14,4
ORGANIZATION_TYPE_Advertising,0,4
ORGANIZATION_TYPE_Agriculture,0,4
ORGANIZATION_TYPE_Bank,19,4
ORGANIZATION_TYPE_Business_Entity_Type_1,0,4
ORGANIZATION_TYPE_Business_Entity_Type_2,7,4
ORGANIZATION_TYPE_Business_Entity_Type_3,22,4
ORGANIZATION_TYPE_Cleaning,0,4
ORGANIZATION_TYPE_Construction,30,4
ORGANIZATION_TYPE_Culture,0,4
ORGANIZATION_TYPE_Electricity,2,4
ORGANIZATION_TYPE_Emergency,2,4
ORGANIZATION_TYPE_Government,4,4
ORGANIZATION_TYPE_Hotel,3,4
ORGANIZATION_TYPE_Housing,0,4
ORGANIZATION_TYPE_Industry_type_1,0,4
ORGANIZATION_TYPE_Industry_type_10,0,4
ORGANIZATION_TYPE_Industry_type_11,0,4
ORGANIZATION_TYPE_Industry_type_12,12,4
ORGANIZATION_TYPE_Industry_type_13,0,4
ORGANIZATION_TYPE_Industry_type_2,0,4
ORGANIZATION_TYPE_Industry_type_3,4,4
ORGANIZATION_TYPE_Industry_type_4,0,4
ORGANIZATION_TYPE_Industry_type_5,2,4
ORGANIZATION_TYPE_Industry_type_6,0,4
ORGANIZATION_TYPE_Industry_type_7,0,4
ORGANIZATION_TYPE_Industry_type_8,0,4
ORGANIZATION_TYPE_Industry_type_9,21,4
ORGANIZATION_TYPE_Insurance,0,4
ORGANIZATION_TYPE_Kindergarten,17,4
ORGANIZATION_TYPE_Legal_Services,0,4
ORGANIZATION_TYPE_Medicine,20,4
ORGANIZATION_TYPE_Military,34,4
ORGANIZATION_TYPE_Mobile,0,4
ORGANIZATION_TYPE_Other,0,4
ORGANIZATION_TYPE_Police,11,4
ORGANIZATION_TYPE_Postal,0,4
ORGANIZATION_TYPE_Realtor,12,4
ORGANIZATION_TYPE_Religion,0,4
ORGANIZATION_TYPE_Restaurant,0,4
ORGANIZATION_TYPE_School,33,4
ORGANIZATION_TYPE_Security,0,4
ORGANIZATION_TYPE_Security_Ministries,11,4
ORGANIZATION_TYPE_Self_employed,51,4
ORGANIZATION_TYPE_Services,0,4
ORGANIZATION_TYPE_Telecom,0,4
ORGANIZATION_TYPE_Trade_type_1,0,4
ORGANIZATION_TYPE_Trade_type_2,0,4
ORGANIZATION_TYPE_Trade_type_3,0,4
ORGANIZATION_TYPE_Trade_type_4,0,4
ORGANIZATION_TYPE_Trade_type_5,0,4
ORGANIZATION_TYPE_Trade_type_6,0,4
ORGANIZATION_TYPE_Trade_type_7,0,4
ORGANIZATION_TYPE_Transport_type_1,0,4
ORGANIZATION_TYPE_Transport_type_2,0,4
ORGANIZATION_TYPE_Transport_type_3,30,4
ORGANIZATION_TYPE_Transport_type_4,3,4
ORGANIZATION_TYPE_University,0,4
ORGANIZATION_TYPE_XNA,0,4
FONDKAPREMONT_MODE_not_specified,0,4
FONDKAPREMONT_MODE_org_spec_account,1,4
FONDKAPREMONT_MODE_reg_oper_account,2,4
FONDKAPREMONT_MODE_reg_oper_spec_account,4,4
HOUSETYPE_MODE_block_of_flats,2,4
HOUSETYPE_MODE_specific_housing,5,4
HOUSETYPE_MODE_terraced_house,0,4
WALLSMATERIAL_MODE_Block,3,4
WALLSMATERIAL_MODE_Mixed,2,4
WALLSMATERIAL_MODE_Monolithic,0,4
WALLSMATERIAL_MODE_Others,1,4
WALLSMATERIAL_MODE_Panel,8,4
WALLSMATERIAL_MODE_Stone_brick,33,4
WALLSMATERIAL_MODE_Wooden,0,4
EMERGENCYSTATE_MODE_No,0,4
EMERGENCYSTATE_MODE_Yes,7,4
DAYS_EMPLOYED_PERC,206,4
INCOME_CREDIT_PERC,146,4
INCOME_PER_PERSON,97,4
ANNUITY_INCOME_PERC,180,4
PAYMENT_RATE,560,4
BURO_DAYS_CREDIT_MIN,75,4
BURO_DAYS_CREDIT_MAX,138,4
BURO_DAYS_CREDIT_MEAN,101,4
BURO_DAYS_CREDIT_VAR,95,4
BURO_DAYS_CREDIT_ENDDATE_MIN,32,4
BURO_DAYS_CREDIT_ENDDATE_MAX,199,4
BURO_DAYS_CREDIT_ENDDATE_MEAN,101,4
BURO_DAYS_CREDIT_UPDATE_MEAN,56,4
BURO_CREDIT_DAY_OVERDUE_MAX,2,4
BURO_CREDIT_DAY_OVERDUE_MEAN,4,4
BURO_AMT_CREDIT_MAX_OVERDUE_MEAN,141,4
BURO_AMT_CREDIT_SUM_MAX,91,4
BURO_AMT_CREDIT_SUM_MEAN,96,4
BURO_AMT_CREDIT_SUM_SUM,88,4
BURO_AMT_CREDIT_SUM_DEBT_MAX,42,4
BURO_AMT_CREDIT_SUM_DEBT_MEAN,88,4
BURO_AMT_CREDIT_SUM_DEBT_SUM,38,4
BURO_AMT_CREDIT_SUM_OVERDUE_MEAN,33,4
BURO_AMT_CREDIT_SUM_LIMIT_MEAN,39,4
BURO_AMT_CREDIT_SUM_LIMIT_SUM,25,4
BURO_AMT_ANNUITY_MAX,30,4
BURO_AMT_ANNUITY_MEAN,38,4
BURO_CNT_CREDIT_PROLONG_SUM,30,4
BURO_MONTHS_BALANCE_MIN_MIN,13,4
BURO_MONTHS_BALANCE_MAX_MAX,11,4
BURO_MONTHS_BALANCE_SIZE_MEAN,22,4
BURO_MONTHS_BALANCE_SIZE_SUM,29,4
BURO_STATUS_SCORE_MAX_MAX,0,4
BURO_STATUS_SCORE_MAX_MEAN,14,4
BURO_STATUS_SCORE_MEAN_MEAN,16,4
BURO_STATUS_SCORE_RECENT6_MEAN_MEAN,6,4
BURO_STATUS_SCORE_TREND_MEAN,24,4
BURO_STATUS_SCORE_TREND_MAX,30,4
BURO_DAYS_ENDDATE_FACT_MEAN,63,4
BURO_CREDIT_ACTIVE_Active_MEAN,38,4
BURO_CREDIT_ACTIVE_Bad_debt_MEAN,0,4
BURO_CREDIT_ACTIVE_Closed_MEAN,47,4
BURO_CREDIT_ACTIVE_Sold_MEAN,22,4
BURO_CREDIT_ACTIVE_nan_MEAN,0,4
BURO_CREDIT_CURRENCY_currency_1_MEAN,0,4
BURO_CREDIT_CURRENCY_currency_2_MEAN,0,4
BURO_CREDIT_CURRENCY_currency_3_MEAN,0,4
BURO_CREDIT_CURRENCY_currency_4_MEAN,0,4
BURO_CREDIT_CURRENCY_nan_MEAN,0,4
BURO_CREDIT_TYPE_Another_type_of_loan_MEAN,22,4
BURO_CREDIT_TYPE_Car_loan_MEAN,56,4
BURO_CREDIT_TYPE_Cash_loan_non_earmarked__MEAN,0,4
BURO_CREDIT_TYPE_Consumer_credit_MEAN,46,4
BURO_CREDIT_TYPE_Credit_card_MEAN,97,4
BURO_CREDIT_TYPE_Interbank_credit_MEAN,0,4
BURO_CREDIT_TYPE_Loan_for_business_development_MEAN,0,4
BURO_CREDIT_TYPE_Loan_for_purchase_of_shares_margin_lending__MEAN,0,4
BURO_CREDIT_TYPE_Loan_for_the_purchase_of_equipment_MEAN,0,4
BURO_CREDIT_TYPE_Loan_for_working_capital_replenishment_MEAN,0,4
BURO_CREDIT_TYPE_Microloan_MEAN,79,4
BURO_CREDIT_TYPE_Mobile_operator_loan_MEAN,0,4
BURO_CREDIT_TYPE_Mortgage_MEAN,60,4
BURO_CREDIT_TYPE_Real_estate_loan_MEAN,0,4
BURO_CREDIT_TYPE_Unknown_type_of_loan_MEAN,0,4
BURO_CREDIT_TYPE_nan_MEAN,0,4
BURO_STATUS_0_MEAN_MEAN,116,4
BURO_STATUS_1_MEAN_MEAN,30,4
BURO_STATUS_2_MEAN_MEAN,4,4
BURO_STATUS_3_MEAN_MEAN,1,4
BURO_STATUS_4_MEAN_MEAN,2,4
BURO_STATUS_5_MEAN_MEAN,0,4
BURO_STATUS_C_MEAN_MEAN,21,4
BURO_STATUS_X_MEAN_MEAN,55,4
BURO_STATUS_nan_MEAN_MEAN,0,4
ACTIVE_DAYS_CREDIT_MIN,79,4
ACTIVE_DAYS_CREDIT_MAX,235,4
ACTIVE_DAYS_CREDIT_MEAN,143,4
ACTIVE_DAYS_CREDIT_VAR,121,4
ACTIVE_DAYS_CREDIT_ENDDATE_MIN,194,4
ACTIVE_DAYS_CREDIT_ENDDATE_MAX,146,4
ACTIVE_DAYS_CREDIT_ENDDATE_MEAN,108,4
ACTIVE_DAYS_CREDIT_UPDATE_MEAN,137,4
ACTIVE_CREDIT_DAY_OVERDUE_MAX,0,4
ACTIVE_CREDIT_DAY_OVERDUE_MEAN,0,4
ACTIVE_AMT_CREDIT_MAX_OVERDUE_MEAN,137,4
ACTIVE_AMT_CREDIT_SUM_MAX,137,4
ACTIVE_AMT_CREDIT_SUM_MEAN,97,4
ACTIVE_AMT_CREDIT_SUM_SUM,175,4
ACTIVE_AMT_CREDIT_SUM_DEBT_MAX,74,4
ACTIVE_AMT_CREDIT_SUM_DEBT_MEAN,78,4
ACTIVE_AMT_CREDIT_SUM_DEBT_SUM,91,4
ACTIVE_AMT_CREDIT_SUM_OVERDUE_MEAN,41,4
ACTIVE_AMT_CREDIT_SUM_LIMIT_MEAN,79,4
ACTIVE_AMT_CREDIT_SUM_LIMIT_SUM,22,4
ACTIVE_AMT_ANNUITY_MAX,34,4
ACTIVE_AMT_ANNUITY_MEAN,54,4
ACTIVE_CNT_CREDIT_PROLONG_SUM,12,4
ACTIVE_MONTHS_BALANCE_MIN_MIN,30,4
ACTIVE_MONTHS_BALANCE_MAX_MAX,30,4
ACTIVE_MONTHS_BALANCE_SIZE_MEAN,75,4
ACTIVE_MONTHS_BALANCE_SIZE_SUM,33,4
ACTIVE_STATUS_SCORE_MAX_MAX,0,4
ACTIVE_STATUS_SCORE_MAX_MEAN,2,4
ACTIVE_STATUS_SCORE_MEAN_MEAN,24,4
ACTIVE_STATUS_SCORE_RECENT6_MEAN_MEAN,1,4
ACTIVE_STATUS_SCORE_TREND_MEAN,41,4
ACTIVE_STATUS_SCORE_TREND_MAX,19,4
CLOSED_DAYS_CREDIT_MIN,69,4
CLOSED_DAYS_CREDIT_MAX,167,4
CLOSED_DAYS_CREDIT_MEAN,54,4
CLOSED_DAYS_CREDIT_VAR,112,4
CLOSED_DAYS_CREDIT_ENDDATE_MIN,32,4
CLOSED_DAYS_CREDIT_ENDDATE_MAX,114,4
CLOSED_DAYS_CREDIT_ENDDATE_MEAN,57,4
CLOSED_DAYS_CREDIT_UPDATE_MEAN,101,4
CLOSED_CREDIT_DAY_OVERDUE_MAX,0,4
CLOSED_CREDIT_DAY_OVERDUE_MEAN,0,4
CLOSED_AMT_CREDIT_MAX_OVERDUE_MEAN,63,4
CLOSED_AMT_CREDIT_SUM_MAX,98,4
CLOSED_AMT_CREDIT_SUM_MEAN,117,4
CLOSED_AMT_CREDIT_SUM_SUM,104,4
CLOSED_AMT_CREDIT_SUM_DEBT_MAX,43,4
CLOSED_AMT_CREDIT_SUM_DEBT_MEAN,19,4
CLOSED_AMT_CREDIT_SUM_DEBT_SUM,13,4
CLOSED_AMT_CREDIT_SUM_OVERDUE_MEAN,0,4
CLOSED_AMT_CREDIT_SUM_LIMIT_MEAN,16,4
CLOSED_AMT_CREDIT_SUM_LIMIT_SUM,0,4
CLOSED_AMT_ANNUITY_MAX,20,4
CLOSED_AMT_ANNUITY_MEAN,28,4
CLOSED_CNT_CREDIT_PROLONG_SUM,0,4
CLOSED_MONTHS_BALANCE_MIN_MIN,8,4
CLOSED_MONTHS_BALANCE_MAX_MAX,7,4
CLOSED_MONTHS_BALANCE_SIZE_MEAN,55,4
CLOSED_MONTHS_BALANCE_SIZE_SUM,46,4
CLOSED_STATUS_SCORE_MAX_MAX,0,4
CLOSED_STATUS_SCORE_MAX_MEAN,15,4
CLOSED_STATUS_SCORE_MEAN_MEAN,15,4
CLOSED_STATUS_SCORE_RECENT6_MEAN_MEAN,8,4
CLOSED_STATUS_SCORE_TREND_MEAN,20,4
CLOSED_STATUS_SCORE_TREND_MAX,26,4
PREV_AMT_ANNUITY_MIN,52,4
PREV_AMT_ANNUITY_MAX,51,4
PREV_AMT_ANNUITY_MEAN,112,4
PREV_AMT_APPLICATION_MIN,36,4
PREV_AMT_APPLICATION_MAX,38,4
PREV_AMT_APPLICATION_MEAN,34,4
PREV_AMT_CREDIT_MIN,19,4
PREV_AMT_CREDIT_MAX,45,4
PREV_AMT_CREDIT_MEAN,43,4
PREV_APP_CREDIT_PERC_MIN,101,4
PREV_APP_CREDIT_PERC_MAX,55,4
PREV_APP_CREDIT_PERC_MEAN,112,4
PREV_APP_CREDIT_PERC_VAR,85,4
PREV_AMT_DOWN_PAYMENT_MIN,22,4
PREV_AMT_DOWN_PAYMENT_MAX,70,4
PREV_AMT_DOWN_PAYMENT_MEAN,35,4
PREV_AMT_GOODS_PRICE_MIN,45,4
PREV_AMT_GOODS_PRICE_MAX,11,4
PREV_AMT_GOODS_PRICE_MEAN,54,4
PREV_HOUR_APPR_PROCESS_START_MIN,28,4
PREV_HOUR_APPR_PROCESS_START_MAX,54,4
PREV_HOUR_APPR_PROCESS_START_MEAN,116,4
PREV_RATE_DOWN_PAYMENT_MIN,37,4
PREV_RATE_DOWN_PAYMENT_MAX,49,4
PREV_RATE_DOWN_PAYMENT_MEAN,80,4
PREV_DAYS_DECISION_MIN,72,4
PREV_DAYS_DECISION_MAX,112,4
PREV_DAYS_DECISION_MEAN,60,4
PREV_CNT_PAYMENT_MEAN,157,4
PREV_CNT_PAYMENT_SUM,64,4
PREV_SK_ID_PREV_MEAN,82,4
PREV_NFLAG_LAST_APPL_IN_DAY_MEAN,0,4
PREV_RATE_INTEREST_PRIMARY_MEAN,0,4
PREV_RATE_INTEREST_PRIVILEGED_MEAN,0,4
PREV_SELLERPLACE_AREA_MEAN,111,4
PREV_DAYS_FIRST_DRAWING_MEAN,102,4
PREV_DAYS_FIRST_DUE_MEAN,60,4
PREV_DAYS_LAST_DUE_1ST_VERSION_MEAN,206,4
PREV_DAYS_LAST_DUE_MEAN,148,4
PREV_DAYS_TERMINATION_MEAN,117,4
PREV_NFLAG_INSURED_ON_APPROVAL_MEAN,31,4
PREV_NAME_CONTRACT_TYPE_Cash_loans_MEAN,21,4
PREV_NAME_CONTRACT_TYPE_Consumer_loans_MEAN,9,4
PREV_NAME_CONTRACT_TYPE_Revolving_loans_MEAN,11,4
PREV_NAME_CONTRACT_TYPE_XNA_MEAN,0,4
PREV_NAME_CONTRACT_TYPE_nan_MEAN,0,4
PREV_WEEKDAY_APPR_PROCESS_START_FRIDAY_MEAN,55,4
PREV_WEEKDAY_APPR_PROCESS_START_MONDAY_MEAN,55,4
PREV_WEEKDAY_APPR_PROCESS_START_SATURDAY_MEAN,66,4
PREV_WEEKDAY_APPR_PROCESS_START_SUNDAY_MEAN,37,4
PREV_WEEKDAY_APPR_PROCESS_START_THURSDAY_MEAN,65,4
PREV_WEEKDAY_APPR_PROCESS_START_TUESDAY_MEAN,29,4
PREV_WEEKDAY_APPR_PROCESS_START_WEDNESDAY_MEAN,36,4
PREV_WEEKDAY_APPR_PROCESS_START_nan_MEAN,0,4
PREV_FLAG_LAST_APPL_PER_CONTRACT_N_MEAN,0,4
PREV_FLAG_LAST_APPL_PER_CONTRACT_Y_MEAN,2,4
PREV_FLAG_LAST_APPL_PER_CONTRACT_nan_MEAN,0,4
PREV_NAME_CASH_LOAN_PURPOSE_Building_a_house_or_an_annex_MEAN,5,4
PREV_NAME_CASH_LOAN_PURPOSE_Business_development_MEAN,0,4
PREV_NAME_CASH_LOAN_PURPOSE_Buying_a_garage_MEAN,0,4
PREV_NAME_CASH_LOAN_PURPOSE_Buying_a_holiday_home_land_MEAN,0,4
PREV_NAME_CASH_LOAN_PURPOSE_Buying_a_home_MEAN,0,4
PREV_NAME_CASH_LOAN_PURPOSE_Buying_a_new_car_MEAN,0,4
PREV_NAME_CASH_LOAN_PURPOSE_Buying_a_used_car_MEAN,2,4
PREV_NAME_CASH_LOAN_PURPOSE_Car_repairs_MEAN,0,4
PREV_NAME_CASH_LOAN_PURPOSE_Education_MEAN,9,4
PREV_NAME_CASH_LOAN_PURPOSE_Everyday_expenses_MEAN,0,4
PREV_NAME_CASH_LOAN_PURPOSE_Furniture_MEAN,7,4
PREV_NAME_CASH_LOAN_PURPOSE_Gasification_water_supply_MEAN,17,4
PREV_NAME_CASH_LOAN_PURPOSE_Hobby_MEAN,0,4
PREV_NAME_CASH_LOAN_PURPOSE_Journey_MEAN,0,4
PREV_NAME_CASH_LOAN_PURPOSE_Medicine_MEAN,13,4
PREV_NAME_CASH_LOAN_PURPOSE_Money_for_a_third_person_MEAN,0,4
PREV_NAME_CASH_LOAN_PURPOSE_Other_MEAN,2,4
PREV_NAME_CASH_LOAN_PURPOSE_Payments_on_other_loans_MEAN,0,4
PREV_NAME_CASH_LOAN_PURPOSE_Purchase_of_electronic_equipment_MEAN,0,4
PREV_NAME_CASH_LOAN_PURPOSE_Refusal_to_name_the_goal_MEAN,0,4
PREV_NAME_CASH_LOAN_PURPOSE_Repairs_MEAN,13,4
PREV_NAME_CASH_LOAN_PURPOSE_Urgent_needs_MEAN,29,4
PREV_NAME_CASH_LOAN_PURPOSE_Wedding_gift_holiday_MEAN,0,4
PREV_NAME_CASH_LOAN_PURPOSE_XAP_MEAN,6,4
PREV_NAME_CASH_LOAN_PURPOSE_XNA_MEAN,22,4
PREV_NAME_CASH_LOAN_PURPOSE_nan_MEAN,0,4
PREV_NAME_CONTRACT_STATUS_Approved_MEAN,54,4
PREV_NAME_CONTRACT_STATUS_Canceled_MEAN,51,4
PREV_NAME_CONTRACT_STATUS_Refused_MEAN,75,4
PREV_NAME_CONTRACT_STATUS_Unused_offer_MEAN,9,4
PREV_NAME_CONTRACT_STATUS_nan_MEAN,0,4
PREV_NAME_PAYMENT_TYPE_Cash_through_the_bank_MEAN,25,4
PREV_NAME_PAYMENT_TYPE_Cashless_from_the_account_of_the_employer_MEAN,0,4
PREV_NAME_PAYMENT_TYPE_Non_cash_from_your_account_MEAN,3,4
PREV_NAME_PAYMENT_TYPE_XNA_MEAN,19,4
PREV_NAME_PAYMENT_TYPE_nan_MEAN,0,4
PREV_CODE_REJECT_REASON_CLIENT_MEAN,3,4
PREV_CODE_REJECT_REASON_HC_MEAN,30,4
PREV_CODE_REJECT_REASON_LIMIT_MEAN,27,4
PREV_CODE_REJECT_REASON_SCO_MEAN,57,4
PREV_CODE_REJECT_REASON_SCOFR_MEAN,4,4
PREV_CODE_REJECT_REASON_SYSTEM_MEAN,0,4
PREV_CODE_REJECT_REASON_VERIF_MEAN,16,4
PREV_CODE_REJECT_REASON_XAP_MEAN,39,4
PREV_CODE_REJECT_REASON_XNA_MEAN,3,4
PREV_CODE_REJECT_REASON_nan_MEAN,0,4
PREV_NAME_TYPE_SUITE_Children_MEAN,22,4
PREV_NAME_TYPE_SUITE_Family_MEAN,35,4
PREV_NAME_TYPE_SUITE_Group_of_people_MEAN,4,4
PREV_NAME_TYPE_SUITE_Other_A_MEAN,2,4
PREV_NAME_TYPE_SUITE_Other_B_MEAN,14,4
PREV_NAME_TYPE_SUITE_Spouse_partner_MEAN,28,4
PREV_NAME_TYPE_SUITE_Unaccompanied_MEAN,98,4
PREV_NAME_TYPE_SUITE_nan_MEAN,64,4
PREV_NAME_CLIENT_TYPE_New_MEAN,43,4
PREV_NAME_CLIENT_TYPE_Refreshed_MEAN,53,4
PREV_NAME_CLIENT_TYPE_Repeater_MEAN,22,4
PREV_NAME_CLIENT_TYPE_XNA_MEAN,1,4
PREV_NAME_CLIENT_TYPE_nan_MEAN,0,4
PREV_NAME_GOODS_CATEGORY_Additional_Service_MEAN,0,4
PREV_NAME_GOODS_CATEGORY_Animals_MEAN,0,4
PREV_NAME_GOODS_CATEGORY_Audio_Video_MEAN,34,4
PREV_NAME_GOODS_CATEGORY_Auto_Accessories_MEAN,3,4
PREV_NAME_GOODS_CATEGORY_Clothing_and_Accessories_MEAN,7,4
PREV_NAME_GOODS_CATEGORY_Computers_MEAN,17,4
PREV_NAME_GOODS_CATEGORY_Construction_Materials_MEAN,6,4
PREV_NAME_GOODS_CATEGORY_Consumer_Electronics_MEAN,21,4
PREV_NAME_GOODS_CATEGORY_Direct_Sales_MEAN,22,4
PREV_NAME_GOODS_CATEGORY_Education_MEAN,0,4
PREV_NAME_GOODS_CATEGORY_Fitness_MEAN,0,4
PREV_NAME_GOODS_CATEGORY_Furniture_MEAN,21,4
PREV_NAME_GOODS_CATEGORY_Gardening_MEAN,0,4
PREV_NAME_GOODS_CATEGORY_Homewares_MEAN,2,4
PREV_NAME_GOODS_CATEGORY_House_Construction_MEAN,0,4
PREV_NAME_GOODS_CATEGORY_Insurance_MEAN,0,4
PREV_NAME_GOODS_CATEGORY_Jewelry_MEAN,6,4
PREV_NAME_GOODS_CATEGORY_Medical_Supplies_MEAN,0,4
PREV_NAME_GOODS_CATEGORY_Medicine_MEAN,0,4
PREV_NAME_GOODS_CATEGORY_Mobile_MEAN,11,4
PREV_NAME_GOODS_CATEGORY_Office_Appliances_MEAN,0,4
PREV_NAME_GOODS_CATEGORY_Other_MEAN,2,4
PREV_NAME_GOODS_CATEGORY_Photo_Cinema_Equipment_MEAN,22,4
PREV_NAME_GOODS_CATEGORY_Sport_and_Leisure_MEAN,17,4
PREV_NAME_GOODS_CATEGORY_Tourism_MEAN,0,4
PREV_NAME_GOODS_CATEGORY_Vehicles_MEAN,0,4
PREV_NAME_GOODS_CATEGORY_Weapon_MEAN,0,4
PREV_NAME_GOODS_CATEGORY_XNA_MEAN,15,4
PREV_NAME_GOODS_CATEGORY_nan_MEAN,0,4
PREV_NAME_PORTFOLIO_Cards_MEAN,23,4
PREV_NAME_PORTFOLIO_Cars_MEAN,0,4
PREV_NAME_PORTFOLIO_Cash_MEAN,39,4
PREV_NAME_PORTFOLIO_POS_MEAN,25,4
PREV_NAME_PORTFOLIO_XNA_MEAN,21,4
PREV_NAME_PORTFOLIO_nan_MEAN,0,4
PREV_NAME_PRODUCT_TYPE_XNA_MEAN,19,4
PREV_NAME_PRODUCT_TYPE_walk_in_MEAN,36,4
PREV_NAME_PRODUCT_TYPE_x_sell_MEAN,34,4
PREV_NAME_PRODUCT_TYPE_nan_MEAN,0,4
PREV_CHANNEL_TYPE_AP_Cash_loan__MEAN,52,4
PREV_CHANNEL_TYPE_Car_dealer_MEAN,0,4
PREV_CHANNEL_TYPE_Channel_of_corporate_sales_MEAN,29,4
PREV_CHANNEL_TYPE_Contact_center_MEAN,59,4
PREV_CHANNEL_TYPE_Country_wide_MEAN,25,4
PREV_CHANNEL_TYPE_Credit_and_cash_offices_MEAN,44,4
PREV_CHANNEL_TYPE_Regional_Local_MEAN,11,4
PREV_CHANNEL_TYPE_Stone_MEAN,13,4
PREV_CHANNEL_TYPE_nan_MEAN,0,4
PREV_NAME_SELLER_INDUSTRY_Auto_technology_MEAN,21,4
PREV_NAME_SELLER_INDUSTRY_Clothing_MEAN,0,4
PREV_NAME_SELLER_INDUSTRY_Connectivity_MEAN,65,4
PREV_NAME_SELLER_INDUSTRY_Construction_MEAN,1,4
PREV_NAME_SELLER_INDUSTRY_Consumer_electronics_MEAN,9,4
PREV_NAME_SELLER_INDUSTRY_Furniture_MEAN,9,4
PREV_NAME_SELLER_INDUSTRY_Industry_MEAN,3,4
PREV_NAME_SELLER_INDUSTRY_Jewelry_MEAN,6,4
PREV_NAME_SELLER_INDUSTRY_MLM_partners_MEAN,0,4
PREV_NAME_SELLER_INDUSTRY_Tourism_MEAN,0,4
PREV_NAME_SELLER_INDUSTRY_XNA_MEAN,28,4
PREV_NAME_SELLER_INDUSTRY_nan_MEAN,0,4
PREV_NAME_YIELD_GROUP_XNA_MEAN,51,4
PREV_NAME_YIELD_GROUP_high_MEAN,90,4
PREV_NAME_YIELD_GROUP_low_action_MEAN,84,4
PREV_NAME_YIELD_GROUP_low_normal_MEAN,59,4
PREV_NAME_YIELD_GROUP_middle_MEAN,50,4
PREV_NAME_YIELD_GROUP_nan_MEAN,0,4
PREV_PRODUCT_COMBINATION_Card_Street_MEAN,23,4
PREV_PRODUCT_COMBINATION_Card_X_Sell_MEAN,13,4
PREV_PRODUCT_COMBINATION_Cash_MEAN,43,4
PREV_PRODUCT_COMBINATION_Cash_Street_high_MEAN,20,4
PREV_PRODUCT_COMBINATION_Cash_Street_low_MEAN,81,4
PREV_PRODUCT_COMBINATION_Cash_Street_middle_MEAN,18,4
PREV_PRODUCT_COMBINATION_Cash_X_Sell_high_MEAN,59,4
PREV_PRODUCT_COMBINATION_Cash_X_Sell_low_MEAN,82,4
PREV_PRODUCT_COMBINATION_Cash_X_Sell_middle_MEAN,45,4
PREV_PRODUCT_COMBINATION_POS_household_with_interest_MEAN,40,4
PREV_PRODUCT_COMBINATION_POS_household_without_interest_MEAN,5,4
PREV_PRODUCT_COMBINATION_POS_industry_with_interest_MEAN,62,4
PREV_PRODUCT_COMBINATION_POS_industry_without_interest_MEAN,1,4
PREV_PRODUCT_COMBINATION_POS_mobile_with_interest_MEAN,24,4
PREV_PRODUCT_COMBINATION_POS_mobile_without_interest_MEAN,13,4
PREV_PRODUCT_COMBINATION_POS_other_with_interest_MEAN,10,4
PREV_PRODUCT_COMBINATION_POS_others_without_interest_MEAN,0,4
PREV_PRODUCT_COMBINATION_nan_MEAN,0,4
APPROVED_AMT_ANNUITY_MIN,112,4
APPROVED_AMT_ANNUITY_MAX,47,4
APPROVED_AMT_ANNUITY_MEAN,93,4
APPROVED_AMT_APPLICATION_MIN,39,4
APPROVED_AMT_APPLICATION_MAX,53,4
APPROVED_AMT_APPLICATION_MEAN,41,4
APPROVED_AMT_CREDIT_MIN,74,4
APPROVED_AMT_CREDIT_MAX,48,4
APPROVED_AMT_CREDIT_MEAN,35,4
APPROVED_APP_CREDIT_PERC_MIN,75,4
APPROVED_APP_CREDIT_PERC_MAX,45,4
APPROVED_APP_CREDIT_PERC_MEAN,41,4
APPROVED_APP_CREDIT_PERC_VAR,98,4
APPROVED_AMT_DOWN_PAYMENT_MIN,37,4
APPROVED_AMT_DOWN_PAYMENT_MAX,81,4
APPROVED_AMT_DOWN_PAYMENT_MEAN,35,4
APPROVED_AMT_GOODS_PRICE_MIN,43,4
APPROVED_AMT_GOODS_PRICE_MAX,20,4
APPROVED_AMT_GOODS_PRICE_MEAN,21,4
APPROVED_HOUR_APPR_PROCESS_START_MIN,38,4
APPROVED_HOUR_APPR_PROCESS_START_MAX,33,4
APPROVED_HOUR_APPR_PROCESS_START_MEAN,64,4
APPROVED_RATE_DOWN_PAYMENT_MIN,34,4
APPROVED_RATE_DOWN_PAYMENT_MAX,35,4
APPROVED_RATE_DOWN_PAYMENT_MEAN,30,4
APPROVED_DAYS_DECISION_MIN,53,4
APPROVED_DAYS_DECISION_MAX,129,4
APPROVED_DAYS_DECISION_MEAN,54,4
APPROVED_CNT_PAYMENT_MEAN,151,4
APPROVED_CNT_PAYMENT_SUM,133,4
REFUSED_AMT_ANNUITY_MIN,32,4
REFUSED_AMT_ANNUITY_MAX,53,4
REFUSED_AMT_ANNUITY_MEAN,30,4
REFUSED_AMT_APPLICATION_MIN,25,4
REFUSED_AMT_APPLICATION_MAX,25,4
REFUSED_AMT_APPLICATION_MEAN,17,4
REFUSED_AMT_CREDIT_MIN,63,4
REFUSED_AMT_CREDIT_MAX,17,4
REFUSED_AMT_CREDIT_MEAN,12,4
REFUSED_APP_CREDIT_PERC_MIN,30,4
REFUSED_APP_CREDIT_PERC_MAX,40,4
REFUSED_APP_CREDIT_PERC_MEAN,36,4
REFUSED_APP_CREDIT_PERC_VAR,63,4
REFUSED_AMT_DOWN_PAYMENT_MIN,22,4
REFUSED_AMT_DOWN_PAYMENT_MAX,15,4
REFUSED_AMT_DOWN_PAYMENT_MEAN,13,4
REFUSED_AMT_GOODS_PRICE_MIN,39,4
REFUSED_AMT_GOODS_PRICE_MAX,18,4
REFUSED_AMT_GOODS_PRICE_MEAN,25,4
REFUSED_HOUR_APPR_PROCESS_START_MIN,29,4
REFUSED_HOUR_APPR_PROCESS_START_MAX,19,4
REFUSED_HOUR_APPR_PROCESS_START_MEAN,39,4
REFUSED_RATE_DOWN_PAYMENT_MIN,15,4
REFUSED_RATE_DOWN_PAYMENT_MAX,19,4
REFUSED_RATE_DOWN_PAYMENT_MEAN,10,4
REFUSED_DAYS_DECISION_MIN,35,4
REFUSED_DAYS_DECISION_MAX,128,4
REFUSED_DAYS_DECISION_MEAN,48,4
REFUSED_CNT_PAYMENT_MEAN,43,4
REFUSED_CNT_PAYMENT_SUM,26,4
POS_MONTHS_BALANCE_MAX,104,4
POS_MONTHS_BALANCE_MEAN,59,4
POS_MONTHS_BALANCE_SIZE,124,4
POS_SK_DPD_MAX,33,4
POS_SK_DPD_MEAN,33,4
POS_SK_DPD_DEF_MAX,48,4
POS_SK_DPD_DEF_MEAN,73,4
POS_SK_ID_PREV_MEAN,93,4
POS_CNT_INSTALMENT_MEAN,76,4
POS_CNT_INSTALMENT_FUTURE_MEAN,264,4
POS_NAME_CONTRACT_STATUS_Active_MEAN,112,4
POS_NAME_CONTRACT_STATUS_Amortized_debt_MEAN,0,4
POS_NAME_CONTRACT_STATUS_Approved_MEAN,3,4
POS_NAME_CONTRACT_STATUS_Canceled_MEAN,0,4
POS_NAME_CONTRACT_STATUS_Completed_MEAN,45,4
POS_NAME_CONTRACT_STATUS_Demand_MEAN,0,4
POS_NAME_CONTRACT_STATUS_Returned_to_the_store_MEAN,33,4
POS_NAME_CONTRACT_STATUS_Signed_MEAN,25,4
POS_NAME_CONTRACT_STATUS_XNA_MEAN,0,4
POS_NAME_CONTRACT_STATUS_nan_MEAN,0,4
POS_COUNT,20,4
INSTAL_NUM_INSTALMENT_VERSION_NUNIQUE,52,4
INSTAL_DPD_MAX,38,4
INSTAL_DPD_MEAN,149,4
INSTAL_DPD_SUM,50,4
INSTAL_DBD_MAX,174,4
INSTAL_DBD_MEAN,98,4
INSTAL_DBD_SUM,166,4
INSTAL_PAYMENT_PERC_MAX,2,4
INSTAL_PAYMENT_PERC_MEAN,116,4
INSTAL_PAYMENT_PERC_SUM,84,4
INSTAL_PAYMENT_PERC_VAR,77,4
INSTAL_PAYMENT_DIFF_MAX,130,4
INSTAL_PAYMENT_DIFF_MEAN,99,4
INSTAL_PAYMENT_DIFF_SUM,100,4
INSTAL_PAYMENT_DIFF_VAR,49,4
INSTAL_AMT_INSTALMENT_MAX,98,4
INSTAL_AMT_INSTALMENT_MEAN,65,4
INSTAL_AMT_INSTALMENT_SUM,74,4
INSTAL_AMT_PAYMENT_MIN,115,4
INSTAL_AMT_PAYMENT_MAX,69,4
INSTAL_AMT_PAYMENT_MEAN,82,4
INSTAL_AMT_PAYMENT_SUM,216,4
INSTAL_DAYS_ENTRY_PAYMENT_MAX,240,4
INSTAL_DAYS_ENTRY_PAYMENT_MEAN,31,4
INSTAL_DAYS_ENTRY_PAYMENT_SUM,105,4
INSTAL_SK_ID_PREV_MEAN,104,4
INSTAL_NUM_INSTALMENT_NUMBER_MEAN,142,4
INSTAL_DAYS_INSTALMENT_MEAN,53,4
INSTAL_COUNT,49,4
CC_MONTHS_BALANCE_MIN,1,4
CC_MONTHS_BALANCE_MAX,1,4
CC_MONTHS_BALANCE_MEAN,8,4
CC_MONTHS_BALANCE_SUM,8,4
CC_MONTHS_BALANCE_VAR,19,4
CC_AMT_BALANCE_MIN,17,4
CC_AMT_BALANCE_MAX,13,4
CC_AMT_BALANCE_MEAN,16,4
CC_AMT_BALANCE_SUM,6,4
CC_AMT_BALANCE_VAR,26,4
CC_AMT_CREDIT_LIMIT_ACTUAL_MIN,26,4
CC_AMT_CREDIT_LIMIT_ACTUAL_MAX,14,4
CC_AMT_CREDIT_LIMIT_ACTUAL_MEAN,45,4
CC_AMT_CREDIT_LIMIT_ACTUAL_SUM,25,4
CC_AMT_CREDIT_LIMIT_ACTUAL_VAR,44,4
CC_AMT_DRAWINGS_ATM_CURRENT_MIN,0,4
CC_AMT_DRAWINGS_ATM_CURRENT_MAX,40,4
CC_AMT_DRAWINGS_ATM_CURRENT_MEAN,39,4
CC_AMT_DRAWINGS_ATM_CURRENT_SUM,41,4
CC_AMT_DRAWINGS_ATM_CURRENT_VAR,32,4
CC_AMT_DRAWINGS_CURRENT_MIN,2,4
CC_AMT_DRAWINGS_CURRENT_MAX,16,4
CC_AMT_DRAWINGS_CURRENT_MEAN,11,4
CC_AMT_DRAWINGS_CURRENT_SUM,15,4
CC_AMT_DRAWINGS_CURRENT_VAR,15,4
CC_AMT_DRAWINGS_OTHER_CURRENT_MIN,0,4
CC_AMT_DRAWINGS_OTHER_CURRENT_MAX,15,4
CC_AMT_DRAWINGS_OTHER_CURRENT_MEAN,3,4
CC_AMT_DRAWINGS_OTHER_CURRENT_SUM,2,4
CC_AMT_DRAWINGS_OTHER_CURRENT_VAR,4,4
CC_AMT_DRAWINGS_POS_CURRENT_MIN,1,4
CC_AMT_DRAWINGS_POS_CURRENT_MAX,7,4
CC_AMT_DRAWINGS_POS_CURRENT_MEAN,15,4
CC_AMT_DRAWINGS_POS_CURRENT_SUM,8,4
CC_AMT_DRAWINGS_POS_CURRENT_VAR,38,4
CC_AMT_INST_MIN_REGULARITY_MIN,8,4
CC_AMT_INST_MIN_REGULARITY_MAX,5,4
CC_AMT_INST_MIN_REGULARITY_MEAN,12,4
CC_AMT_INST_MIN_REGULARITY_SUM,19,4
CC_AMT_INST_MIN_REGULARITY_VAR,33,4
CC_AMT_PAYMENT_CURRENT_MIN,18,4
CC_AMT_PAYMENT_CURRENT_MAX,26,4
CC_AMT_PAYMENT_CURRENT_MEAN,68,4
CC_AMT_PAYMENT_CURRENT_SUM,45,4
CC_AMT_PAYMENT_CURRENT_VAR,32,4
CC_AMT_PAYMENT_TOTAL_CURRENT_MIN,9,4
CC_AMT_PAYMENT_TOTAL_CURRENT_MAX,19,4
CC_AMT_PAYMENT_TOTAL_CURRENT_MEAN,71,4
CC_AMT_PAYMENT_TOTAL_CURRENT_SUM,30,4
CC_AMT_PAYMENT_TOTAL_CURRENT_VAR,21,4
CC_AMT_RECEIVABLE_PRINCIPAL_MIN,17,4
CC_AMT_RECEIVABLE_PRINCIPAL_MAX,12,4
CC_AMT_RECEIVABLE_PRINCIPAL_MEAN,35,4
CC_AMT_RECEIVABLE_PRINCIPAL_SUM,7,4
CC_AMT_RECEIVABLE_PRINCIPAL_VAR,5,4
CC_AMT_RECIVABLE_MIN,34,4
CC_AMT_RECIVABLE_MAX,16,4
CC_AMT_RECIVABLE_MEAN,18,4
CC_AMT_RECIVABLE_SUM,9,4
CC_AMT_RECIVABLE_VAR,6,4
CC_AMT_TOTAL_RECEIVABLE_MIN,14,4
CC_AMT_TOTAL_RECEIVABLE_MAX,8,4
CC_AMT_TOTAL_RECEIVABLE_MEAN,1,4
CC_AMT_TOTAL_RECEIVABLE_SUM,5,4
CC_AMT_TOTAL_RECEIVABLE_VAR,1,4
CC_CNT_DRAWINGS_ATM_CURRENT_MIN,0,4
CC_CNT_DRAWINGS_ATM_CURRENT_MAX,26,4
CC_CNT_DRAWINGS_ATM_CURRENT_MEAN,90,4
CC_CNT_DRAWINGS_ATM_CURRENT_SUM,33,4
CC_CNT_DRAWINGS_ATM_CURRENT_VAR,62,4
CC_CNT_DRAWINGS_CURRENT_MIN,3,4
CC_CNT_DRAWINGS_CURRENT_MAX,26,4
CC_CNT_DRAWINGS_CURRENT_MEAN,53,4
CC_CNT_DRAWINGS_CURRENT_SUM,33,4
CC_CNT_DRAWINGS_CURRENT_VAR,60,4
CC_CNT_DRAWINGS_OTHER_CURRENT_MIN,0,4
CC_CNT_DRAWINGS_OTHER_CURRENT_MAX,0,4
CC_CNT_DRAWINGS_OTHER_CURRENT_MEAN,0,4
CC_CNT_DRAWINGS_OTHER_CURRENT_SUM,0,4
CC_CNT_DRAWINGS_OTHER_CURRENT_VAR,12,4
CC_CNT_DRAWINGS_POS_CURRENT_MIN,11,4
CC_CNT_DRAWINGS_POS_CURRENT_MAX,29,4
CC_CNT_DRAWINGS_POS_CURRENT_MEAN,40,4
CC_CNT_DRAWINGS_POS_CURRENT_SUM,8,4
CC_CNT_DRAWINGS_POS_CURRENT_VAR,48,4
CC_CNT_INSTALMENT_MATURE_CUM_MIN,8,4
CC_CNT_INSTALMENT_MATURE_CUM_MAX,11,4
CC_CNT_INSTALMENT_MATURE_CUM_MEAN,13,4
CC_CNT_INSTALMENT_MATURE_CUM_SUM,18,4
CC_CNT_INSTALMENT_MATURE_CUM_VAR,7,4
CC_SK_DPD_MIN,0,4
CC_SK_DPD_MAX,6,4
CC_SK_DPD_MEAN,3,4
CC_SK_DPD_SUM,5,4
CC_SK_DPD_VAR,3,4
CC_SK_DPD_DEF_MIN,0,4
CC_SK_DPD_DEF_MAX,0,4
CC_SK_DPD_DEF_MEAN,31,4
CC_SK_DPD_DEF_SUM,2,4
CC_SK_DPD_DEF_VAR,8,4
CC_NAME_CONTRACT_STATUS_Active_MIN,0,4
CC_NAME_CONTRACT_STATUS_Active_MAX,0,4
CC_NAME_CONTRACT_STATUS_Active_MEAN,3,4
CC_NAME_CONTRACT_STATUS_Active_SUM,10,4
CC_NAME_CONTRACT_STATUS_Active_VAR,8,4
CC_NAME_CONTRACT_STATUS_Approved_MIN,0,4
CC_NAME_CONTRACT_STATUS_Approved_MAX,0,4
CC_NAME_CONTRACT_STATUS_Approved_MEAN,0,4
CC_NAME_CONTRACT_STATUS_Approved_SUM,0,4
CC_NAME_CONTRACT_STATUS_Approved_VAR,0,4
CC_NAME_CONTRACT_STATUS_Completed_MIN,0,4
CC_NAME_CONTRACT_STATUS_Completed_MAX,1,4
CC_NAME_CONTRACT_STATUS_Completed_MEAN,7,4
CC_NAME_CONTRACT_STATUS_Completed_SUM,0,4
CC_NAME_CONTRACT_STATUS_Completed_VAR,2,4
CC_NAME_CONTRACT_STATUS_Demand_MIN,0,4
CC_NAME_CONTRACT_STATUS_Demand_MAX,0,4
CC_NAME_CONTRACT_STATUS_Demand_MEAN,0,4
CC_NAME_CONTRACT_STATUS_Demand_SUM,0,4
CC_NAME_CONTRACT_STATUS_Demand_VAR,0,4
CC_NAME_CONTRACT_STATUS_Refused_MIN,0,4
CC_NAME_CONTRACT_STATUS_Refused_MAX,0,4
CC_NAME_CONTRACT_STATUS_Refused_MEAN,0,4
CC_NAME_CONTRACT_STATUS_Refused_SUM,0,4
CC_NAME_CONTRACT_STATUS_Refused_VAR,0,4
CC_NAME_CONTRACT_STATUS_Sent_proposal_MIN,0,4
CC_NAME_CONTRACT_STATUS_Sent_proposal_MAX,0,4
CC_NAME_CONTRACT_STATUS_Sent_proposal_MEAN,18,4
CC_NAME_CONTRACT_STATUS_Sent_proposal_SUM,0,4
CC_NAME_CONTRACT_STATUS_Sent_proposal_VAR,2,4
CC_NAME_CONTRACT_STATUS_Signed_MIN,0,4
CC_NAME_CONTRACT_STATUS_Signed_MAX,0,4
CC_NAME_CONTRACT_STATUS_Signed_MEAN,1,4
CC_NAME_CONTRACT_STATUS_Signed_SUM,0,4
CC_NAME_CONTRACT_STATUS_Signed_VAR,0,4
CC_NAME_CONTRACT_STATUS_nan_MIN,0,4
CC_NAME_CONTRACT_STATUS_nan_MAX,0,4
CC_NAME_CONTRACT_STATUS_nan_MEAN,0,4
CC_NAME_CONTRACT_STATUS_nan_SUM,0,4
CC_NAME_CONTRACT_STATUS_nan_VAR,0,4
CC_COUNT,1,4
DEBT_INCOME_RATIO,83,4
CURR_PREV_CREDIT_RATIO,117,4
CREDIT_GOODS_PRICE_RATIO,292,4
COMBINED_DPD_MEAN,128,4
CC_UTILIZATION_INCOME,29,4
CODE_GENDER,118,5
FLAG_OWN_CAR,9,5
FLAG_OWN_REALTY,5,5
CNT_CHILDREN,9,5
AMT_INCOME_TOTAL,80,5
AMT_CREDIT,120,5
AMT_ANNUITY,262,5
AMT_GOODS_PRICE,169,5
REGION_POPULATION_RELATIVE,214,5
DAYS_BIRTH,472,5
DAYS_EMPLOYED,250,5
DAYS_REGISTRATION,205,5
DAYS_ID_PUBLISH,237,5
OWN_CAR_AGE,158,5
FLAG_MOBIL,0,5
FLAG_EMP_PHONE,1,5
FLAG_WORK_PHONE,60,5
FLAG_CONT_MOBILE,0,5
FLAG_PHONE,30,5
FLAG_EMAIL,18,5
CNT_FAM_MEMBERS,21,5
REGION_RATING_CLIENT,2,5
REGION_RATING_CLIENT_W_CITY,72,5
HOUR_APPR_PROCESS_START,75,5
REG_REGION_NOT_LIVE_REGION,0,5
REG_REGION_NOT_WORK_REGION,2,5
LIVE_REGION_NOT_WORK_REGION,2,5
REG_CITY_NOT_LIVE_CITY,43,5
REG_CITY_NOT_WORK_CITY,2,5
LIVE_CITY_NOT_WORK_CITY,23,5
EXT_SOURCE_1,575,5
EXT_SOURCE_2,453,5
EXT_SOURCE_3,617,5
APARTMENTS_AVG,33,5
BASEMENTAREA_AVG,57,5
YEARS_BEGINEXPLUATATION_AVG,28,5
YEARS_BUILD_AVG,12,5
COMMONAREA_AVG,40,5
ELEVATORS_AVG,9,5
ENTRANCES_AVG,22,5
FLOORSMAX_AVG,23,5
FLOORSMIN_AVG,4,5
LANDAREA_AVG,30,5
LIVINGAPARTMENTS_AVG,16,5
LIVINGAREA_AVG,28,5
NONLIVINGAPARTMENTS_AVG,17,5
NONLIVINGAREA_AVG,28,5
APARTMENTS_MODE,44,5
BASEMENTAREA_MODE,39,5
YEARS_BEGINEXPLUATATION_MODE,44,5
YEARS_BUILD_MODE,19,5
COMMONAREA_MODE,25,5
ELEVATORS_MODE,7,5
ENTRANCES_MODE,11,5
FLOORSMAX_MODE,10,5
FLOORSMIN_MODE,10,5
LANDAREA_MODE,36,5
LIVINGAPARTMENTS_MODE,25,5
LIVINGAREA_MODE,37,5
NONLIVINGAPARTMENTS_MODE,8,5
NONLIVINGAREA_MODE,44,5
APARTMENTS_MEDI,27,5
BASEMENTAREA_MEDI,10,5
YEARS_BEGINEXPLUATATION_MEDI,37,5
YEARS_BUILD_MEDI,25,5
COMMONAREA_MEDI,25,5
ELEVATORS_MEDI,17,5
ENTRANCES_MEDI,19,5
FLOORSMAX_MEDI,9,5
FLOORSMIN_MEDI,7,5
LANDAREA_MEDI,29,5
LIVINGAPARTMENTS_MEDI,17,5
LIVINGAREA_MEDI,23,5
NONLIVINGAPARTMENTS_MEDI,12,5
NONLIVINGAREA_MEDI,11,5
TOTALAREA_MODE,84,5
OBS_30_CNT_SOCIAL_CIRCLE,29,5
DEF_30_CNT_SOCIAL_CIRCLE,70,5
OBS_60_CNT_SOCIAL_CIRCLE,33,5
DEF_60_CNT_SOCIAL_CIRCLE,29,5
DAYS_LAST_PHONE_CHANGE,108,5
FLAG_DOCUMENT_2,0,5
FLAG_DOCUMENT_3,44,5
FLAG_DOCUMENT_4,0,5
FLAG_DOCUMENT_5,0,5
FLAG_DOCUMENT_6,3,5
FLAG_DOCUMENT_7,0,5
FLAG_DOCUMENT_8,9,5
FLAG_DOCUMENT_9,0,5
FLAG_DOCUMENT_10,0,5
FLAG_DOCUMENT_11,3,5
FLAG_DOCUMENT_12,0,5
FLAG_DOCUMENT_13,24,5
FLAG_DOCUMENT_14,16,5
FLAG_DOCUMENT_15,0,5
FLAG_DOCUMENT_16,15,5
FLAG_DOCUMENT_17,0,5
FLAG_DOCUMENT_18,29,5
FLAG_DOCUMENT_19,0,5
FLAG_DOCUMENT_20,0,5
FLAG_DOCUMENT_21,0,5
AMT_REQ_CREDIT_BUREAU_HOUR,0,5
AMT_REQ_CREDIT_BUREAU_DAY,3,5
AMT_REQ_CREDIT_BUREAU_WEEK,4,5
AMT_REQ_CREDIT_BUREAU_MON,19,5
AMT_REQ_CREDIT_BUREAU_QRT,40,5
AMT_REQ_CREDIT_BUREAU_YEAR,17,5
NAME_CONTRACT_TYPE_Cash_loans,26,5
NAME_CONTRACT_TYPE_Revolving_loans,5,5
NAME_TYPE_SUITE_Children,0,5
NAME_TYPE_SUITE_Family,0,5
NAME_TYPE_SUITE_Group_of_people,0,5
NAME_TYPE_SUITE_Other_A,0,5
NAME_TYPE_SUITE_Other_B,4,5
NAME_TYPE_SUITE_Spouse_partner,2,5
NAME_TYPE_SUITE_Unaccompanied,7,5
NAME_INCOME_TYPE_Businessman,0,5
NAME_INCOME_TYPE_Commercial_associate,13,5
NAME_INCOME_TYPE_Maternity_leave,0,5
NAME_INCOME_TYPE_Pensioner,0,5
NAME_INCOME_TYPE_State_servant,24,5
NAME_INCOME_TYPE_Student,0,5
NAME_INCOME_TYPE_Unemployed,0,5
NAME_INCOME_TYPE_Working,18,5
NAME_EDUCATION_TYPE_Academic_degree,0,5
NAME_EDUCATION_TYPE_Higher_education,38,5
NAME_EDUCATION_TYPE_Incomplete_higher,8,5
NAME_EDUCATION_TYPE_Lower_secondary,2,5
NAME_EDUCATION_TYPE_Secondary_secondary_special,30,5
NAME_FAMILY_STATUS_Civil_marriage,8,5
NAME_FAMILY_STATUS_Married,85,5
NAME_FAMILY_STATUS_Separated,3,5
NAME_FAMILY_STATUS_Single_not_married,20,5
NAME_FAMILY_STATUS_Unknown,0,5
NAME_FAMILY_STATUS_Widow,8,5
NAME_HOUSING_TYPE_Co_op_apartment,0,5
NAME_HOUSING_TYPE_House_apartment,7,5
NAME_HOUSING_TYPE_Municipal_apartment,0,5
NAME_HOUSING_TYPE_Office_apartment,16,5
NAME_HOUSING_TYPE_Rented_apartment,1,5
NAME_HOUSING_TYPE_With_parents,10,5
OCCUPATION_TYPE_Accountants,19,5
OCCUPATION_TYPE_Cleaning_staff,0,5
OCCUPATION_TYPE_Cooking_staff,1,5
OCCUPATION_TYPE_Core_staff,33,5
OCCUPATION_TYPE_Drivers,30,5
OCCUPATION_TYPE_HR_staff,0,5
OCCUPATION_TYPE_High_skill_tech_staff,20,5
OCCUPATION_TYPE_IT_staff,0,5
OCCUPATION_TYPE_Laborers,18,5
OCCUPATION_TYPE_Low_skill_Laborers,6,5
OCCUPATION_TYPE_Managers,0,5
OCCUPATION_TYPE_Medicine_staff,10,5
OCCUPATION_TYPE_Private_service_staff,0,5
OCCUPATION_TYPE_Realty_agents,0,5
OCCUPATION_TYPE_Sales_staff,0,5
OCCUPATION_TYPE_Secretaries,0,5
OCCUPATION_TYPE_Security_staff,0,5
OCCUPATION_TYPE_Waiters_barmen_staff,0,5
WEEKDAY_APPR_PROCESS_START_FRIDAY,3,5
WEEKDAY_APPR_PROCESS_START_MONDAY,21,5
WEEKDAY_APPR_PROCESS_START_SATURDAY,8,5
WEEKDAY_APPR_PROCESS_START_SUNDAY,21,5
WEEKDAY_APPR_PROCESS_START_THURSDAY,1,5
WEEKDAY_APPR_PROCESS_START_TUESDAY,6,5
WEEKDAY_APPR_PROCESS_START_WEDNESDAY,7,5
ORGANIZATION_TYPE_Advertising,0,5
ORGANIZATION_TYPE_Agriculture,0,5
ORGANIZATION_TYPE_Bank,14,5
ORGANIZATION_TYPE_Business_Entity_Type_1,0,5
ORGANIZATION_TYPE_Business_Entity_Type_2,2,5
ORGANIZATION_TYPE_Business_Entity_Type_3,18,5
ORGANIZATION_TYPE_Cleaning,0,5
ORGANIZATION_TYPE_Construction,37,5
ORGANIZATION_TYPE_Culture,0,5
ORGANIZATION_TYPE_Electricity,0,5
ORGANIZATION_TYPE_Emergency,0,5
ORGANIZATION_TYPE_Government,1,5
ORGANIZATION_TYPE_Hotel,1,5
ORGANIZATION_TYPE_Housing,0,5
ORGANIZATION_TYPE_Industry_type_1,0,5
ORGANIZATION_TYPE_Industry_type_10,0,5
ORGANIZATION_TYPE_Industry_type_11,0,5
ORGANIZATION_TYPE_Industry_type_12,23,5
ORGANIZATION_TYPE_Industry_type_13,0,5
ORGANIZATION_TYPE_Industry_type_2,0,5
ORGANIZATION_TYPE_Industry_type_3,5,5
ORGANIZATION_TYPE_Industry_type_4,0,5
ORGANIZATION_TYPE_Industry_type_5,7,5
ORGANIZATION_TYPE_Industry_type_6,0,5
ORGANIZATION_TYPE_Industry_type_7,0,5
ORGANIZATION_TYPE_Industry_type_8,0,5
ORGANIZATION_TYPE_Industry_type_9,29,5
ORGANIZATION_TYPE_Insurance,0,5
ORGANIZATION_TYPE_Kindergarten,3,5
ORGANIZATION_TYPE_Legal_Services,14,5
ORGANIZATION_TYPE_Medicine,15,5
ORGANIZATION_TYPE_Military,42,5
ORGANIZATION_TYPE_Mobile,0,5
ORGANIZATION_TYPE_Other,1,5
ORGANIZATION_TYPE_Police,14,5
ORGANIZATION_TYPE_Postal,0,5
ORGANIZATION_TYPE_Realtor,0,5
ORGANIZATION_TYPE_Religion,0,5
ORGANIZATION_TYPE_Restaurant,0,5
ORGANIZATION_TYPE_School,32,5
ORGANIZATION_TYPE_Security,0,5
ORGANIZATION_TYPE_Security_Ministries,22,5
ORGANIZATION_TYPE_Self_employed,46,5
ORGANIZATION_TYPE_Services,0,5
ORGANIZATION_TYPE_Telecom,0,5
ORGANIZATION_TYPE_Trade_type_1,1,5
ORGANIZATION_TYPE_Trade_type_2,0,5
ORGANIZATION_TYPE_Trade_type_3,3,5
ORGANIZATION_TYPE_Trade_type_4,0,5
ORGANIZATION_TYPE_Trade_type_5,0,5
ORGANIZATION_TYPE_Trade_type_6,0,5
ORGANIZATION_TYPE_Trade_type_7,1,5
ORGANIZATION_TYPE_Transport_type_1,0,5
ORGANIZATION_TYPE_Transport_type_2,0,5
ORGANIZATION_TYPE_Transport_type_3,34,5
ORGANIZATION_TYPE_Transport_type_4,8,5
ORGANIZATION_TYPE_University,0,5
ORGANIZATION_TYPE_XNA,0,5
FONDKAPREMONT_MODE_not_specified,5,5
FONDKAPREMONT_MODE_org_spec_account,12,5
FONDKAPREMONT_MODE_reg_oper_account,0,5
FONDKAPREMONT_MODE_reg_oper_spec_account,3,5
HOUSETYPE_MODE_block_of_flats,0,5
HOUSETYPE_MODE_specific_housing,15,5
HOUSETYPE_MODE_terraced_house,0,5
WALLSMATERIAL_MODE_Block,0,5
WALLSMATERIAL_MODE_Mixed,0,5
WALLSMATERIAL_MODE_Monolithic,0,5
WALLSMATERIAL_MODE_Others,4,5
WALLSMATERIAL_MODE_Panel,1,5
WALLSMATERIAL_MODE_Stone_brick,22,5
WALLSMATERIAL_MODE_Wooden,0,5
EMERGENCYSTATE_MODE_No,2,5
EMERGENCYSTATE_MODE_Yes,0,5
DAYS_EMPLOYED_PERC,205,5
INCOME_CREDIT_PERC,137,5
INCOME_PER_PERSON,104,5
ANNUITY_INCOME_PERC,219,5
PAYMENT_RATE,519,5
BURO_DAYS_CREDIT_MIN,88,5
BURO_DAYS_CREDIT_MAX,150,5
BURO_DAYS_CREDIT_MEAN,108,5
BURO_DAYS_CREDIT_VAR,82,5
BURO_DAYS_CREDIT_ENDDATE_MIN,64,5
BURO_DAYS_CREDIT_ENDDATE_MAX,139,5
BURO_DAYS_CREDIT_ENDDATE_MEAN,69,5
BURO_DAYS_CREDIT_UPDATE_MEAN,58,5
BURO_CREDIT_DAY_OVERDUE_MAX,4,5
BURO_CREDIT_DAY_OVERDUE_MEAN,0,5
BURO_AMT_CREDIT_MAX_OVERDUE_MEAN,162,5
BURO_AMT_CREDIT_SUM_MAX,126,5
BURO_AMT_CREDIT_SUM_MEAN,155,5
BURO_AMT_CREDIT_SUM_SUM,108,5
BURO_AMT_CREDIT_SUM_DEBT_MAX,32,5
BURO_AMT_CREDIT_SUM_DEBT_MEAN,123,5
BURO_AMT_CREDIT_SUM_DEBT_SUM,45,5
BURO_AMT_CREDIT_SUM_OVERDUE_MEAN,41,5
BURO_AMT_CREDIT_SUM_LIMIT_MEAN,42,5
BURO_AMT_CREDIT_SUM_LIMIT_SUM,21,5
BURO_AMT_ANNUITY_MAX,27,5
BURO_AMT_ANNUITY_MEAN,42,5
BURO_CNT_CREDIT_PROLONG_SUM,6,5
BURO_MONTHS_BALANCE_MIN_MIN,19,5
BURO_MONTHS_BALANCE_MAX_MAX,5,5
BURO_MONTHS_BALANCE_SIZE_MEAN,40,5
BURO_MONTHS_BALANCE_SIZE_SUM,66,5
BURO_STATUS_SCORE_MAX_MAX,5,5
BURO_STATUS_SCORE_MAX_MEAN,13,5
BURO_STATUS_SCORE_MEAN_MEAN,37,5
BURO_STATUS_SCORE_RECENT6_MEAN_MEAN,14,5
BURO_STATUS_SCORE_TREND_MEAN,37,5
BURO_STATUS_SCORE_TREND_MAX,19,5
BURO_DAYS_ENDDATE_FACT_MEAN,82,5
BURO_CREDIT_ACTIVE_Active_MEAN,32,5
BURO_CREDIT_ACTIVE_Bad_debt_MEAN,0,5
BURO_CREDIT_ACTIVE_Closed_MEAN,47,5
BURO_CREDIT_ACTIVE_Sold_MEAN,26,5
BURO_CREDIT_ACTIVE_nan_MEAN,0,5
BURO_CREDIT_CURRENCY_currency_1_MEAN,0,5
BURO_CREDIT_CURRENCY_currency_2_MEAN,0,5
BURO_CREDIT_CURRENCY_currency_3_MEAN,0,5
BURO_CREDIT_CURRENCY_currency_4_MEAN,0,5
BURO_CREDIT_CURRENCY_nan_MEAN,0,5
BURO_CREDIT_TYPE_Another_type_of_loan_MEAN,25,5
BURO_CREDIT_TYPE_Car_loan_MEAN,33,5
BURO_CREDIT_TYPE_Cash_loan_non_earmarked__MEAN,0,5
BURO_CREDIT_TYPE_Consumer_credit_MEAN,31,5
BURO_CREDIT_TYPE_Credit_card_MEAN,36,5
BURO_CREDIT_TYPE_Interbank_credit_MEAN,0,5
BURO_CREDIT_TYPE_Loan_for_business_development_MEAN,0,5
BURO_CREDIT_TYPE_Loan_for_purchase_of_shares_margin_lending__MEAN,0,5
BURO_CREDIT_TYPE_Loan_for_the_purchase_of_equipment_MEAN,0,5
BURO_CREDIT_TYPE_Loan_for_working_capital_replenishment_MEAN,0,5
BURO_CREDIT_TYPE_Microloan_MEAN,71,5
BURO_CREDIT_TYPE_Mobile_operator_loan_MEAN,0,5
BURO_CREDIT_TYPE_Mortgage_MEAN,61,5
BURO_CREDIT_TYPE_Real_estate_loan_MEAN,0,5
BURO_CREDIT_TYPE_Unknown_type_of_loan_MEAN,0,5
BURO_CREDIT_TYPE_nan_MEAN,0,5
BURO_STATUS_0_MEAN_MEAN,115,5
BURO_STATUS_1_MEAN_MEAN,37,5
BURO_STATUS_2_MEAN_MEAN,7,5
BURO_STATUS_3_MEAN_MEAN,0,5
BURO_STATUS_4_MEAN_MEAN,13,5
BURO_STATUS_5_MEAN_MEAN,1,5
BURO_STATUS_C_MEAN_MEAN,38,5
BURO_STATUS_X_MEAN_MEAN,33,5
BURO_STATUS_nan_MEAN_MEAN,0,5
ACTIVE_DAYS_CREDIT_MIN,59,5
ACTIVE_DAYS_CREDIT_MAX,220,5
ACTIVE_DAYS_CREDIT_MEAN,103,5
ACTIVE_DAYS_CREDIT_VAR,100,5
ACTIVE_DAYS_CREDIT_ENDDATE_MIN,261,5
ACTIVE_DAYS_CREDIT_ENDDATE_MAX,132,5
ACTIVE_DAYS_CREDIT_ENDDATE_MEAN,118,5
ACTIVE_DAYS_CREDIT_UPDATE_MEAN,174,5
ACTIVE_CREDIT_DAY_OVERDUE_MAX,13,5
ACTIVE_CREDIT_DAY_OVERDUE_MEAN,4,5
ACTIVE_AMT_CREDIT_MAX_OVERDUE_MEAN,148,5
ACTIVE_AMT_CREDIT_SUM_MAX,102,5
ACTIVE_AMT_CREDIT_SUM_MEAN,100,5
ACTIVE_AMT_CREDIT_SUM_SUM,143,5
ACTIVE_AMT_CREDIT_SUM_DEBT_MAX,51,5
ACTIVE_AMT_CREDIT_SUM_DEBT_MEAN,118,5
ACTIVE_AMT_CREDIT_SUM_DEBT_SUM,95,5
ACTIVE_AMT_CREDIT_SUM_OVERDUE_MEAN,48,5
ACTIVE_AMT_CREDIT_SUM_LIMIT_MEAN,100,5
ACTIVE_AMT_CREDIT_SUM_LIMIT_SUM,43,5
ACTIVE_AMT_ANNUITY_MAX,45,5
ACTIVE_AMT_ANNUITY_MEAN,44,5
ACTIVE_CNT_CREDIT_PROLONG_SUM,5,5
ACTIVE_MONTHS_BALANCE_MIN_MIN,17,5
ACTIVE_MONTHS_BALANCE_MAX_MAX,8,5
ACTIVE_MONTHS_BALANCE_SIZE_MEAN,76,5
ACTIVE_MONTHS_BALANCE_SIZE_SUM,35,5
ACTIVE_STATUS_SCORE_MAX_MAX,1,5
ACTIVE_STATUS_SCORE_MAX_MEAN,9,5
ACTIVE_STATUS_SCORE_MEAN_MEAN,12,5
ACTIVE_STATUS_SCORE_RECENT6_MEAN_MEAN,9,5
ACTIVE_STATUS_SCORE_TREND_MEAN,53,5
ACTIVE_STATUS_SCORE_TREND_MAX,4,5
CLOSED_DAYS_CREDIT_MIN,40,5
CLOSED_DAYS_CREDIT_MAX,157,5
CLOSED_DAYS_CREDIT_MEAN,39,5
CLOSED_DAYS_CREDIT_VAR,141,5
CLOSED_DAYS_CREDIT_ENDDATE_MIN,25,5
CLOSED_DAYS_CREDIT_ENDDATE_MAX,152,5
CLOSED_DAYS_CREDIT_ENDDATE_MEAN,81,5
CLOSED_DAYS_CREDIT_UPDATE_MEAN,89,5
CLOSED_CREDIT_DAY_OVERDUE_MAX,0,5
CLOSED_CREDIT_DAY_OVERDUE_MEAN,0,5
CLOSED_AMT_CREDIT_MAX_OVERDUE_MEAN,64,5
CLOSED_AMT_CREDIT_SUM_MAX,81,5
CLOSED_AMT_CREDIT_SUM_MEAN,150,5
CLOSED_AMT_CREDIT_SUM_SUM,121,5
CLOSED_AMT_CREDIT_SUM_DEBT_MAX,48,5
CLOSED_AMT_CREDIT_SUM_DEBT_MEAN,8,5
CLOSED_AMT_CREDIT_SUM_DEBT_SUM,12,5
CLOSED_AMT_CREDIT_SUM_OVERDUE_MEAN,0,5
CLOSED_AMT_CREDIT_SUM_LIMIT_MEAN,18,5
CLOSED_AMT_CREDIT_SUM_LIMIT_SUM,7,5
CLOSED_AMT_ANNUITY_MAX,50,5
CLOSED_AMT_ANNUITY_MEAN,27,5
CLOSED_CNT_CREDIT_PROLONG_SUM,0,5
CLOSED_MONTHS_BALANCE_MIN_MIN,26,5
CLOSED_MONTHS_BALANCE_MAX_MAX,16,5
CLOSED_MONTHS_BALANCE_SIZE_MEAN,31,5
CLOSED_MONTHS_BALANCE_SIZE_SUM,44,5
CLOSED_STATUS_SCORE_MAX_MAX,0,5
CLOSED_STATUS_SCORE_MAX_MEAN,15,5
CLOSED_STATUS_SCORE_MEAN_MEAN,43,5
CLOSED_STATUS_SCORE_RECENT6_MEAN_MEAN,9,5
CLOSED_STATUS_SCORE_TREND_MEAN,17,5
CLOSED_STATUS_SCORE_TREND_MAX,25,5
PREV_AMT_ANNUITY_MIN,73,5
PREV_AMT_ANNUITY_MAX,37,5
PREV_AMT_ANNUITY_MEAN,110,5
PREV_AMT_APPLICATION_MIN,28,5
PREV_AMT_APPLICATION_MAX,29,5
PREV_AMT_APPLICATION_MEAN,38,5
PREV_AMT_CREDIT_MIN,40,5
PREV_AMT_CREDIT_MAX,56,5
PREV_AMT_CREDIT_MEAN,58,5
PREV_APP_CREDIT_PERC_MIN,115,5
PREV_APP_CREDIT_PERC_MAX,65,5
PREV_APP_CREDIT_PERC_MEAN,117,5
PREV_APP_CREDIT_PERC_VAR,99,5
PREV_AMT_DOWN_PAYMENT_MIN,27,5
PREV_AMT_DOWN_PAYMENT_MAX,63,5
PREV_AMT_DOWN_PAYMENT_MEAN,35,5
PREV_AMT_GOODS_PRICE_MIN,40,5
PREV_AMT_GOODS_PRICE_MAX,18,5
PREV_AMT_GOODS_PRICE_MEAN,35,5
PREV_HOUR_APPR_PROCESS_START_MIN,23,5
PREV_HOUR_APPR_PROCESS_START_MAX,40,5
PREV_HOUR_APPR_PROCESS_START_MEAN,89,5
PREV_RATE_DOWN_PAYMENT_MIN,59,5
PREV_RATE_DOWN_PAYMENT_MAX,36,5
PREV_RATE_DOWN_PAYMENT_MEAN,43,5
PREV_DAYS_DECISION_MIN,76,5
PREV_DAYS_DECISION_MAX,52,5
PREV_DAYS_DECISION_MEAN,64,5
PREV_CNT_PAYMENT_MEAN,138,5
PREV_CNT_PAYMENT_SUM,40,5
PREV_SK_ID_PREV_MEAN,99,5
PREV_NFLAG_LAST_APPL_IN_DAY_MEAN,0,5
PREV_RATE_INTEREST_PRIMARY_MEAN,2,5
PREV_RATE_INTEREST_PRIVILEGED_MEAN,1,5
PREV_SELLERPLACE_AREA_MEAN,111,5
PREV_DAYS_FIRST_DRAWING_MEAN,77,5
PREV_DAYS_FIRST_DUE_MEAN,41,5
PREV_DAYS_LAST_DUE_1ST_VERSION_MEAN,168,5
PREV_DAYS_LAST_DUE_MEAN,133,5
PREV_DAYS_TERMINATION_MEAN,132,5
PREV_NFLAG_INSURED_ON_APPROVAL_MEAN,25,5
PREV_NAME_CONTRACT_TYPE_Cash_loans_MEAN,16,5
PREV_NAME_CONTRACT_TYPE_Consumer_loans_MEAN,8,5
PREV_NAME_CONTRACT_TYPE_Revolving_loans_MEAN,16,5
PREV_NAME_CONTRACT_TYPE_XNA_MEAN,0,5
PREV_NAME_CONTRACT_TYPE_nan_MEAN,0,5
PREV_WEEKDAY_APPR_PROCESS_START_FRIDAY_MEAN,28,5
PREV_WEEKDAY_APPR_PROCESS_START_MONDAY_MEAN,42,5
PREV_WEEKDAY_APPR_PROCESS_START_SATURDAY_MEAN,39,5
PREV_WEEKDAY_APPR_PROCESS_START_SUNDAY_MEAN,21,5
PREV_WEEKDAY_APPR_PROCESS_START_THURSDAY_MEAN,38,5
PREV_WEEKDAY_APPR_PROCESS_START_TUESDAY_MEAN,35,5
PREV_WEEKDAY_APPR_PROCESS_START_WEDNESDAY_MEAN,73,5
PREV_WEEKDAY_APPR_PROCESS_START_nan_MEAN,0,5
PREV_FLAG_LAST_APPL_PER_CONTRACT_N_MEAN,0,5
PREV_FLAG_LAST_APPL_PER_CONTRACT_Y_MEAN,9,5
PREV_FLAG_LAST_APPL_PER_CONTRACT_nan_MEAN,0,5
PREV_NAME_CASH_LOAN_PURPOSE_Building_a_house_or_an_annex_MEAN,1,5
PREV_NAME_CASH_LOAN_PURPOSE_Business_development_MEAN,1,5
PREV_NAME_CASH_LOAN_PURPOSE_Buying_a_garage_MEAN,0,5
PREV_NAME_CASH_LOAN_PURPOSE_Buying_a_holiday_home_land_MEAN,0,5
PREV_NAME_CASH_LOAN_PURPOSE_Buying_a_home_MEAN,0,5
PREV_NAME_CASH_LOAN_PURPOSE_Buying_a_new_car_MEAN,0,5
PREV_NAME_CASH_LOAN_PURPOSE_Buying_a_used_car_MEAN,0,5
PREV_NAME_CASH_LOAN_PURPOSE_Car_repairs_MEAN,2,5
PREV_NAME_CASH_LOAN_PURPOSE_Education_MEAN,0,5
PREV_NAME_CASH_LOAN_PURPOSE_Everyday_expenses_MEAN,0,5
PREV_NAME_CASH_LOAN_PURPOSE_Furniture_MEAN,9,5
PREV_NAME_CASH_LOAN_PURPOSE_Gasification_water_supply_MEAN,17,5
PREV_NAME_CASH_LOAN_PURPOSE_Hobby_MEAN,0,5
PREV_NAME_CASH_LOAN_PURPOSE_Journey_MEAN,2,5
PREV_NAME_CASH_LOAN_PURPOSE_Medicine_MEAN,11,5
PREV_NAME_CASH_LOAN_PURPOSE_Money_for_a_third_person_MEAN,0,5
PREV_NAME_CASH_LOAN_PURPOSE_Other_MEAN,19,5
PREV_NAME_CASH_LOAN_PURPOSE_Payments_on_other_loans_MEAN,2,5
PREV_NAME_CASH_LOAN_PURPOSE_Purchase_of_electronic_equipment_MEAN,0,5
PREV_NAME_CASH_LOAN_PURPOSE_Refusal_to_name_the_goal_MEAN,0,5
PREV_NAME_CASH_LOAN_PURPOSE_Repairs_MEAN,9,5
PREV_NAME_CASH_LOAN_PURPOSE_Urgent_needs_MEAN,9,5
PREV_NAME_CASH_LOAN_PURPOSE_Wedding_gift_holiday_MEAN,4,5
PREV_NAME_CASH_LOAN_PURPOSE_XAP_MEAN,10,5
PREV_NAME_CASH_LOAN_PURPOSE_XNA_MEAN,16,5
PREV_NAME_CASH_LOAN_PURPOSE_nan_MEAN,0,5
PREV_NAME_CONTRACT_STATUS_Approved_MEAN,36,5
PREV_NAME_CONTRACT_STATUS_Canceled_MEAN,41,5
PREV_NAME_CONTRACT_STATUS_Refused_MEAN,90,5
PREV_NAME_CONTRACT_STATUS_Unused_offer_MEAN,6,5
PREV_NAME_CONTRACT_STATUS_nan_MEAN,0,5
PREV_NAME_PAYMENT_TYPE_Cash_through_the_bank_MEAN,33,5
PREV_NAME_PAYMENT_TYPE_Cashless_from_the_account_of_the_employer_MEAN,0,5
PREV_NAME_PAYMENT_TYPE_Non_cash_from_your_account_MEAN,18,5
PREV_NAME_PAYMENT_TYPE_XNA_MEAN,41,5
PREV_NAME_PAYMENT_TYPE_nan_MEAN,0,5
PREV_CODE_REJECT_REASON_CLIENT_MEAN,2,5
PREV_CODE_REJECT_REASON_HC_MEAN,13,5
PREV_CODE_REJECT_REASON_LIMIT_MEAN,17,5
PREV_CODE_REJECT_REASON_SCO_MEAN,57,5
PREV_CODE_REJECT_REASON_SCOFR_MEAN,7,5
PREV_CODE_REJECT_REASON_SYSTEM_MEAN,0,5
PREV_CODE_REJECT_REASON_VERIF_MEAN,31,5
PREV_CODE_REJECT_REASON_XAP_MEAN,26,5
PREV_CODE_REJECT_REASON_XNA_MEAN,4,5
PREV_CODE_REJECT_REASON_nan_MEAN,0,5
PREV_NAME_TYPE_SUITE_Children_MEAN,5,5
PREV_NAME_TYPE_SUITE_Family_MEAN,31,5
PREV_NAME_TYPE_SUITE_Group_of_people_MEAN,5,5
PREV_NAME_TYPE_SUITE_Other_A_MEAN,4,5
PREV_NAME_TYPE_SUITE_Other_B_MEAN,5,5
PREV_NAME_TYPE_SUITE_Spouse_partner_MEAN,27,5
PREV_NAME_TYPE_SUITE_Unaccompanied_MEAN,70,5
PREV_NAME_TYPE_SUITE_nan_MEAN,109,5
PREV_NAME_CLIENT_TYPE_New_MEAN,45,5
PREV_NAME_CLIENT_TYPE_Refreshed_MEAN,71,5
PREV_NAME_CLIENT_TYPE_Repeater_MEAN,20,5
PREV_NAME_CLIENT_TYPE_XNA_MEAN,7,5
PREV_NAME_CLIENT_TYPE_nan_MEAN,0,5
PREV_NAME_GOODS_CATEGORY_Additional_Service_MEAN,0,5
PREV_NAME_GOODS_CATEGORY_Animals_MEAN,0,5
PREV_NAME_GOODS_CATEGORY_Audio_Video_MEAN,29,5
PREV_NAME_GOODS_CATEGORY_Auto_Accessories_MEAN,0,5
PREV_NAME_GOODS_CATEGORY_Clothing_and_Accessories_MEAN,0,5
PREV_NAME_GOODS_CATEGORY_Computers_MEAN,38,5
PREV_NAME_GOODS_CATEGORY_Construction_Materials_MEAN,19,5
PREV_NAME_GOODS_CATEGORY_Consumer_Electronics_MEAN,22,5
PREV_NAME_GOODS_CATEGORY_Direct_Sales_MEAN,0,5
PREV_NAME_GOODS_CATEGORY_Education_MEAN,0,5
PREV_NAME_GOODS_CATEGORY_Fitness_MEAN,0,5
PREV_NAME_GOODS_CATEGORY_Furniture_MEAN,9,5
PREV_NAME_GOODS_CATEGORY_Gardening_MEAN,11,5
PREV_NAME_GOODS_CATEGORY_Homewares_MEAN,0,5
PREV_NAME_GOODS_CATEGORY_House_Construction_MEAN,0,5
PREV_NAME_GOODS_CATEGORY_Insurance_MEAN,0,5
PREV_NAME_GOODS_CATEGORY_Jewelry_MEAN,3,5
PREV_NAME_GOODS_CATEGORY_Medical_Supplies_MEAN,0,5
PREV_NAME_GOODS_CATEGORY_Medicine_MEAN,0,5
PREV_NAME_GOODS_CATEGORY_Mobile_MEAN,20,5
PREV_NAME_GOODS_CATEGORY_Office_Appliances_MEAN,4,5
PREV_NAME_GOODS_CATEGORY_Other_MEAN,0,5
PREV_NAME_GOODS_CATEGORY_Photo_Cinema_Equipment_MEAN,30,5
PREV_NAME_GOODS_CATEGORY_Sport_and_Leisure_MEAN,18,5
PREV_NAME_GOODS_CATEGORY_Tourism_MEAN,0,5
PREV_NAME_GOODS_CATEGORY_Vehicles_MEAN,0,5
PREV_NAME_GOODS_CATEGORY_Weapon_MEAN,0,5
PREV_NAME_GOODS_CATEGORY_XNA_MEAN,8,5
PREV_NAME_GOODS_CATEGORY_nan_MEAN,0,5
PREV_NAME_PORTFOLIO_Cards_MEAN,10,5
PREV_NAME_PORTFOLIO_Cars_MEAN,0,5
PREV_NAME_PORTFOLIO_Cash_MEAN,21,5
PREV_NAME_PORTFOLIO_POS_MEAN,25,5
PREV_NAME_PORTFOLIO_XNA_MEAN,28,5
PREV_NAME_PORTFOLIO_nan_MEAN,0,5
PREV_NAME_PRODUCT_TYPE_XNA_MEAN,18,5
PREV_NAME_PRODUCT_TYPE_walk_in_MEAN,26,5
PREV_NAME_PRODUCT_TYPE_x_sell_MEAN,56,5
PREV_NAME_PRODUCT_TYPE_nan_MEAN,0,5
PREV_CHANNEL_TYPE_AP_Cash_loan__MEAN,44,5
PREV_CHANNEL_TYPE_Car_dealer_MEAN,0,5
PREV_CHANNEL_TYPE_Channel_of_corporate_sales_MEAN,36,5
PREV_CHANNEL_TYPE_Contact_center_MEAN,15,5
PREV_CHANNEL_TYPE_Country_wide_MEAN,32,5
PREV_CHANNEL_TYPE_Credit_and_cash_offices_MEAN,72,5
PREV_CHANNEL_TYPE_Regional_Local_MEAN,13,5
PREV_CHANNEL_TYPE_Stone_MEAN,19,5
PREV_CHANNEL_TYPE_nan_MEAN,0,5
PREV_NAME_SELLER_INDUSTRY_Auto_technology_MEAN,6,5
PREV_NAME_SELLER_INDUSTRY_Clothing_MEAN,3,5
PREV_NAME_SELLER_INDUSTRY_Connectivity_MEAN,47,5
PREV_NAME_SELLER_INDUSTRY_Construction_MEAN,5,5
PREV_NAME_SELLER_INDUSTRY_Consumer_electronics_MEAN,31,5
PREV_NAME_SELLER_INDUSTRY_Furniture_MEAN,13,5
PREV_NAME_SELLER_INDUSTRY_Industry_MEAN,7,5
PREV_NAME_SELLER_INDUSTRY_Jewelry_MEAN,0,5
PREV_NAME_SELLER_INDUSTRY_MLM_partners_MEAN,0,5
PREV_NAME_SELLER_INDUSTRY_Tourism_MEAN,0,5
PREV_NAME_SELLER_INDUSTRY_XNA_MEAN,25,5
PREV_NAME_SELLER_INDUSTRY_nan_MEAN,0,5
PREV_NAME_YIELD_GROUP_XNA_MEAN,31,5
PREV_NAME_YIELD_GROUP_high_MEAN,86,5
PREV_NAME_YIELD_GROUP_low_action_MEAN,55,5
PREV_NAME_YIELD_GROUP_low_normal_MEAN,46,5
PREV_NAME_YIELD_GROUP_middle_MEAN,45,5
PREV_NAME_YIELD_GROUP_nan_MEAN,0,5
PREV_PRODUCT_COMBINATION_Card_Street_MEAN,15,5
PREV_PRODUCT_COMBINATION_Card_X_Sell_MEAN,10,5
PREV_PRODUCT_COMBINATION_Cash_MEAN,25,5
PREV_PRODUCT_COMBINATION_Cash_Street_high_MEAN,45,5
PREV_PRODUCT_COMBINATION_Cash_Street_low_MEAN,62,5
PREV_PRODUCT_COMBINATION_Cash_Street_middle_MEAN,10,5
PREV_PRODUCT_COMBINATION_Cash_X_Sell_high_MEAN,56,5
PREV_PRODUCT_COMBINATION_Cash_X_Sell_low_MEAN,65,5
PREV_PRODUCT_COMBINATION_Cash_X_Sell_middle_MEAN,23,5
PREV_PRODUCT_COMBINATION_POS_household_with_interest_MEAN,22,5
PREV_PRODUCT_COMBINATION_POS_household_without_interest_MEAN,11,5
PREV_PRODUCT_COMBINATION_POS_industry_with_interest_MEAN,47,5
PREV_PRODUCT_COMBINATION_POS_industry_without_interest_MEAN,22,5
PREV_PRODUCT_COMBINATION_POS_mobile_with_interest_MEAN,24,5
PREV_PRODUCT_COMBINATION_POS_mobile_without_interest_MEAN,13,5
PREV_PRODUCT_COMBINATION_POS_other_with_interest_MEAN,8,5
PREV_PRODUCT_COMBINATION_POS_others_without_interest_MEAN,0,5
PREV_PRODUCT_COMBINATION_nan_MEAN,1,5
APPROVED_AMT_ANNUITY_MIN,74,5
APPROVED_AMT_ANNUITY_MAX,57,5
APPROVED_AMT_ANNUITY_MEAN,77,5
APPROVED_AMT_APPLICATION_MIN,50,5
APPROVED_AMT_APPLICATION_MAX,41,5
APPROVED_AMT_APPLICATION_MEAN,44,5
APPROVED_AMT_CREDIT_MIN,53,5
APPROVED_AMT_CREDIT_MAX,50,5
APPROVED_AMT_CREDIT_MEAN,27,5
APPROVED_APP_CREDIT_PERC_MIN,62,5
APPROVED_APP_CREDIT_PERC_MAX,74,5
APPROVED_APP_CREDIT_PERC_MEAN,51,5
APPROVED_APP_CREDIT_PERC_VAR,107,5
APPROVED_AMT_DOWN_PAYMENT_MIN,21,5
APPROVED_AMT_DOWN_PAYMENT_MAX,75,5
APPROVED_AMT_DOWN_PAYMENT_MEAN,19,5
APPROVED_AMT_GOODS_PRICE_MIN,55,5
APPROVED_AMT_GOODS_PRICE_MAX,17,5
APPROVED_AMT_GOODS_PRICE_MEAN,31,5
APPROVED_HOUR_APPR_PROCESS_START_MIN,30,5
APPROVED_HOUR_APPR_PROCESS_START_MAX,31,5
APPROVED_HOUR_APPR_PROCESS_START_MEAN,41,5
APPROVED_RATE_DOWN_PAYMENT_MIN,27,5
APPROVED_RATE_DOWN_PAYMENT_MAX,43,5
APPROVED_RATE_DOWN_PAYMENT_MEAN,24,5
APPROVED_DAYS_DECISION_MIN,66,5
APPROVED_DAYS_DECISION_MAX,137,5
APPROVED_DAYS_DECISION_MEAN,22,5
APPROVED_CNT_PAYMENT_MEAN,121,5
APPROVED_CNT_PAYMENT_SUM,131,5
REFUSED_AMT_ANNUITY_MIN,48,5
REFUSED_AMT_ANNUITY_MAX,34,5
REFUSED_AMT_ANNUITY_MEAN,23,5
REFUSED_AMT_APPLICATION_MIN,26,5
REFUSED_AMT_APPLICATION_MAX,30,5
REFUSED_AMT_APPLICATION_MEAN,22,5
REFUSED_AMT_CREDIT_MIN,57,5
REFUSED_AMT_CREDIT_MAX,19,5
REFUSED_AMT_CREDIT_MEAN,15,5
REFUSED_APP_CREDIT_PERC_MIN,36,5
REFUSED_APP_CREDIT_PERC_MAX,29,5
REFUSED_APP_CREDIT_PERC_MEAN,24,5
REFUSED_APP_CREDIT_PERC_VAR,19,5
REFUSED_AMT_DOWN_PAYMENT_MIN,12,5
REFUSED_AMT_DOWN_PAYMENT_MAX,3,5
REFUSED_AMT_DOWN_PAYMENT_MEAN,6,5
REFUSED_AMT_GOODS_PRICE_MIN,54,5
REFUSED_AMT_GOODS_PRICE_MAX,34,5
REFUSED_AMT_GOODS_PRICE_MEAN,36,5
REFUSED_HOUR_APPR_PROCESS_START_MIN,37,5
REFUSED_HOUR_APPR_PROCESS_START_MAX,20,5
REFUSED_HOUR_APPR_PROCESS_START_MEAN,50,5
REFUSED_RATE_DOWN_PAYMENT_MIN,20,5
REFUSED_RATE_DOWN_PAYMENT_MAX,8,5
REFUSED_RATE_DOWN_PAYMENT_MEAN,17,5
REFUSED_DAYS_DECISION_MIN,52,5
REFUSED_DAYS_DECISION_MAX,84,5
REFUSED_DAYS_DECISION_MEAN,60,5
REFUSED_CNT_PAYMENT_MEAN,45,5
REFUSED_CNT_PAYMENT_SUM,28,5
POS_MONTHS_BALANCE_MAX,87,5
POS_MONTHS_BALANCE_MEAN,111,5
POS_MONTHS_BALANCE_SIZE,126,5
POS_SK_DPD_MAX,30,5
POS_SK_DPD_MEAN,42,5
POS_SK_DPD_DEF_MAX,63,5
POS_SK_DPD_DEF_MEAN,85,5
POS_SK_ID_PREV_MEAN,112,5
POS_CNT_INSTALMENT_MEAN,64,5
POS_CNT_INSTALMENT_FUTURE_MEAN,297,5
POS_NAME_CONTRACT_STATUS_Active_MEAN,91,5
POS_NAME_CONTRACT_STATUS_Amortized_debt_MEAN,0,5
POS_NAME_CONTRACT_STATUS_Approved_MEAN,2,5
POS_NAME_CONTRACT_STATUS_Canceled_MEAN,0,5
POS_NAME_CONTRACT_STATUS_Completed_MEAN,102,5
POS_NAME_CONTRACT_STATUS_Demand_MEAN,0,5
POS_NAME_CONTRACT_STATUS_Returned_to_the_store_MEAN,26,5
POS_NAME_CONTRACT_STATUS_Signed_MEAN,27,5
POS_NAME_CONTRACT_STATUS_XNA_MEAN,0,5
POS_NAME_CONTRACT_STATUS_nan_MEAN,0,5
POS_COUNT,21,5
INSTAL_NUM_INSTALMENT_VERSION_NUNIQUE,50,5
INSTAL_DPD_MAX,51,5
INSTAL_DPD_MEAN,147,5
INSTAL_DPD_SUM,36,5
INSTAL_DBD_MAX,133,5
INSTAL_DBD_MEAN,97,5
INSTAL_DBD_SUM,162,5
INSTAL_PAYMENT_PERC_MAX,12,5
INSTAL_PAYMENT_PERC_MEAN,142,5
INSTAL_PAYMENT_PERC_SUM,59,5
INSTAL_PAYMENT_PERC_VAR,93,5
INSTAL_PAYMENT_DIFF_MAX,120,5
INSTAL_PAYMENT_DIFF_MEAN,109,5
INSTAL_PAYMENT_DIFF_SUM,91,5
INSTAL_PAYMENT_DIFF_VAR,78,5
INSTAL_AMT_INSTALMENT_MAX,87,5
INSTAL_AMT_INSTALMENT_MEAN,61,5
INSTAL_AMT_INSTALMENT_SUM,84,5
INSTAL_AMT_PAYMENT_MIN,96,5
INSTAL_AMT_PAYMENT_MAX,66,5
INSTAL_AMT_PAYMENT_MEAN,126,5
INSTAL_AMT_PAYMENT_SUM,214,5
INSTAL_DAYS_ENTRY_PAYMENT_MAX,233,5
INSTAL_DAYS_ENTRY_PAYMENT_MEAN,52,5
INSTAL_DAYS_ENTRY_PAYMENT_SUM,116,5
INSTAL_SK_ID_PREV_MEAN,97,5
INSTAL_NUM_INSTALMENT_NUMBER_MEAN,116,5
INSTAL_DAYS_INSTALMENT_MEAN,41,5
INSTAL_COUNT,40,5
CC_MONTHS_BALANCE_MIN,7,5
CC_MONTHS_BALANCE_MAX,7,5
CC_MONTHS_BALANCE_MEAN,2,5
CC_MONTHS_BALANCE_SUM,7,5
CC_MONTHS_BALANCE_VAR,5,5
CC_AMT_BALANCE_MIN,29,5
CC_AMT_BALANCE_MAX,11,5
CC_AMT_BALANCE_MEAN,43,5
CC_AMT_BALANCE_SUM,4,5
CC_AMT_BALANCE_VAR,43,5
CC_AMT_CREDIT_LIMIT_ACTUAL_MIN,21,5
CC_AMT_CREDIT_LIMIT_ACTUAL_MAX,2,5
CC_AMT_CREDIT_LIMIT_ACTUAL_MEAN,59,5
CC_AMT_CREDIT_LIMIT_ACTUAL_SUM,39,5
CC_AMT_CREDIT_LIMIT_ACTUAL_VAR,45,5
CC_AMT_DRAWINGS_ATM_CURRENT_MIN,10,5
CC_AMT_DRAWINGS_ATM_CURRENT_MAX,21,5
CC_AMT_DRAWINGS_ATM_CURRENT_MEAN,37,5
CC_AMT_DRAWINGS_ATM_CURRENT_SUM,25,5
CC_AMT_DRAWINGS_ATM_CURRENT_VAR,22,5
CC_AMT_DRAWINGS_CURRENT_MIN,33,5
CC_AMT_DRAWINGS_CURRENT_MAX,9,5
CC_AMT_DRAWINGS_CURRENT_MEAN,15,5
CC_AMT_DRAWINGS_CURRENT_SUM,32,5
CC_AMT_DRAWINGS_CURRENT_VAR,21,5
CC_AMT_DRAWINGS_OTHER_CURRENT_MIN,0,5
CC_AMT_DRAWINGS_OTHER_CURRENT_MAX,2,5
CC_AMT_DRAWINGS_OTHER_CURRENT_MEAN,6,5
CC_AMT_DRAWINGS_OTHER_CURRENT_SUM,5,5
CC_AMT_DRAWINGS_OTHER_CURRENT_VAR,12,5
CC_AMT_DRAWINGS_POS_CURRENT_MIN,13,5
CC_AMT_DRAWINGS_POS_CURRENT_MAX,28,5
CC_AMT_DRAWINGS_POS_CURRENT_MEAN,5,5
CC_AMT_DRAWINGS_POS_CURRENT_SUM,43,5
CC_AMT_DRAWINGS_POS_CURRENT_VAR,19,5
CC_AMT_INST_MIN_REGULARITY_MIN,7,5
CC_AMT_INST_MIN_REGULARITY_MAX,6,5
CC_AMT_INST_MIN_REGULARITY_MEAN,3,5
CC_AMT_INST_MIN_REGULARITY_SUM,35,5
CC_AMT_INST_MIN_REGULARITY_VAR,23,5
CC_AMT_PAYMENT_CURRENT_MIN,20,5
CC_AMT_PAYMENT_CURRENT_MAX,29,5
CC_AMT_PAYMENT_CURRENT_MEAN,61,5
CC_AMT_PAYMENT_CURRENT_SUM,40,5
CC_AMT_PAYMENT_CURRENT_VAR,37,5
CC_AMT_PAYMENT_TOTAL_CURRENT_MIN,0,5
CC_AMT_PAYMENT_TOTAL_CURRENT_MAX,21,5
CC_AMT_PAYMENT_TOTAL_CURRENT_MEAN,29,5
CC_AMT_PAYMENT_TOTAL_CURRENT_SUM,15,5
CC_AMT_PAYMENT_TOTAL_CURRENT_VAR,11,5
CC_AMT_RECEIVABLE_PRINCIPAL_MIN,22,5
CC_AMT_RECEIVABLE_PRINCIPAL_MAX,11,5
CC_AMT_RECEIVABLE_PRINCIPAL_MEAN,12,5
CC_AMT_RECEIVABLE_PRINCIPAL_SUM,9,5
CC_AMT_RECEIVABLE_PRINCIPAL_VAR,16,5
CC_AMT_RECIVABLE_MIN,12,5
CC_AMT_RECIVABLE_MAX,10,5
CC_AMT_RECIVABLE_MEAN,16,5
CC_AMT_RECIVABLE_SUM,17,5
CC_AMT_RECIVABLE_VAR,9,5
CC_AMT_TOTAL_RECEIVABLE_MIN,2,5
CC_AMT_TOTAL_RECEIVABLE_MAX,12,5
CC_AMT_TOTAL_RECEIVABLE_MEAN,8,5
CC_AMT_TOTAL_RECEIVABLE_SUM,3,5
CC_AMT_TOTAL_RECEIVABLE_VAR,2,5
CC_CNT_DRAWINGS_ATM_CURRENT_MIN,0,5
CC_CNT_DRAWINGS_ATM_CURRENT_MAX,4,5
CC_CNT_DRAWINGS_ATM_CURRENT_MEAN,78,5
CC_CNT_DRAWINGS_ATM_CURRENT_SUM,10,5
CC_CNT_DRAWINGS_ATM_CURRENT_VAR,52,5
CC_CNT_DRAWINGS_CURRENT_MIN,6,5
CC_CNT_DRAWINGS_CURRENT_MAX,23,5
CC_CNT_DRAWINGS_CURRENT_MEAN,43,5
CC_CNT_DRAWINGS_CURRENT_SUM,11,5
CC_CNT_DRAWINGS_CURRENT_VAR,70,5
CC_CNT_DRAWINGS_OTHER_CURRENT_MIN,0,5
CC_CNT_DRAWINGS_OTHER_CURRENT_MAX,3,5
CC_CNT_DRAWINGS_OTHER_CURRENT_MEAN,2,5
CC_CNT_DRAWINGS_OTHER_CURRENT_SUM,0,5
CC_CNT_DRAWINGS_OTHER_CURRENT_VAR,5,5
CC_CNT_DRAWINGS_POS_CURRENT_MIN,3,5
CC_CNT_DRAWINGS_POS_CURRENT_MAX,30,5
CC_CNT_DRAWINGS_POS_CURRENT_MEAN,11,5
CC_CNT_DRAWINGS_POS_CURRENT_SUM,26,5
CC_CNT_DRAWINGS_POS_CURRENT_VAR,10,5
CC_CNT_INSTALMENT_MATURE_CUM_MIN,0,5
CC_CNT_INSTALMENT_MATURE_CUM_MAX,6,5
CC_CNT_INSTALMENT_MATURE_CUM_MEAN,6,5
CC_CNT_INSTALMENT_MATURE_CUM_SUM,2,5
CC_CNT_INSTALMENT_MATURE_CUM_VAR,22,5
CC_SK_DPD_MIN,0,5
CC_SK_DPD_MAX,4,5
CC_SK_DPD_MEAN,6,5
CC_SK_DPD_SUM,31,5
CC_SK_DPD_VAR,7,5
CC_SK_DPD_DEF_MIN,0,5
CC_SK_DPD_DEF_MAX,0,5
CC_SK_DPD_DEF_MEAN,30,5
CC_SK_DPD_DEF_SUM,14,5
CC_SK_DPD_DEF_VAR,0,5
CC_NAME_CONTRACT_STATUS_Active_MIN,0,5
CC_NAME_CONTRACT_STATUS_Active_MAX,0,5
CC_NAME_CONTRACT_STATUS_Active_MEAN,8,5
CC_NAME_CONTRACT_STATUS_Active_SUM,21,5
CC_NAME_CONTRACT_STATUS_Active_VAR,19,5
CC_NAME_CONTRACT_STATUS_Approved_MIN,0,5
CC_NAME_CONTRACT_STATUS_Approved_MAX,0,5
CC_NAME_CONTRACT_STATUS_Approved_MEAN,0,5
CC_NAME_CONTRACT_STATUS_Approved_SUM,0,5
CC_NAME_CONTRACT_STATUS_Approved_VAR,0,5
CC_NAME_CONTRACT_STATUS_Completed_MIN,0,5
CC_NAME_CONTRACT_STATUS_Completed_MAX,0,5
CC_NAME_CONTRACT_STATUS_Completed_MEAN,10,5
CC_NAME_CONTRACT_STATUS_Completed_SUM,1,5
CC_NAME_CONTRACT_STATUS_Completed_VAR,4,5
CC_NAME_CONTRACT_STATUS_Demand_MIN,0,5
CC_NAME_CONTRACT_STATUS_Demand_MAX,0,5
CC_NAME_CONTRACT_STATUS_Demand_MEAN,0,5
CC_NAME_CONTRACT_STATUS_Demand_SUM,0,5
CC_NAME_CONTRACT_STATUS_Demand_VAR,0,5
CC_NAME_CONTRACT_STATUS_Refused_MIN,0,5
CC_NAME_CONTRACT_STATUS_Refused_MAX,0,5
CC_NAME_CONTRACT_STATUS_Refused_MEAN,0,5
CC_NAME_CONTRACT_STATUS_Refused_SUM,0,5
CC_NAME_CONTRACT_STATUS_Refused_VAR,0,5
CC_NAME_CONTRACT_STATUS_Sent_proposal_MIN,0,5
CC_NAME_CONTRACT_STATUS_Sent_proposal_MAX,0,5
CC_NAME_CONTRACT_STATUS_Sent_proposal_MEAN,10,5
CC_NAME_CONTRACT_STATUS_Sent_proposal_SUM,0,5
CC_NAME_CONTRACT_STATUS_Sent_proposal_VAR,2,5
CC_NAME_CONTRACT_STATUS_Signed_MIN,0,5
CC_NAME_CONTRACT_STATUS_Signed_MAX,0,5
CC_NAME_CONTRACT_STATUS_Signed_MEAN,1,5
CC_NAME_CONTRACT_STATUS_Signed_SUM,2,5
CC_NAME_CONTRACT_STATUS_Signed_VAR,6,5
CC_NAME_CONTRACT_STATUS_nan_MIN,0,5
CC_NAME_CONTRACT_STATUS_nan_MAX,0,5
CC_NAME_CONTRACT_STATUS_nan_MEAN,0,5
CC_NAME_CONTRACT_STATUS_nan_SUM,0,5
CC_NAME_CONTRACT_STATUS_nan_VAR,0,5
CC_COUNT,8,5
DEBT_INCOME_RATIO,119,5
CURR_PREV_CREDIT_RATIO,107,5
CREDIT_GOODS_PRICE_RATIO,314,5
COMBINED_DPD_MEAN,130,5
CC_UTILIZATION_INCOME,27,5
